status,mode,batch_size,n,keep_prob,threshold,avg_ms,logical_gbps,total_count,logical_gb,elapsed_s,csv,reason,stdout,stderr
PASS,library_cub_device_select,1,1024,0.01,0,0.00628448,1.12786,491,7.088e-06,0.296,reports/benchmark/library_cub_device_select_b1_n1024_t0_p0.01_skill_default.csv,,mode=library_cub_device_select batch_size=1 n=1024 total=1024 threshold=0 keep_prob=0.010 total_count=491 avg_ms=0.006284 logical_gbps=1.128 csv=reports/benchmark/library_cub_device_select_b1_n1024_t0_p0.01_skill_default.csv,
PASS,v1,1,1024,0.01,0,0.0089648,0.790648,491,7.088e-06,0.200,reports/benchmark/v1_b1_n1024_t0_p0.01_skill_default.csv,,mode=v1 batch_size=1 n=1024 total=1024 threshold=0 keep_prob=0.010 total_count=491 avg_ms=0.008965 logical_gbps=0.791 csv=reports/benchmark/v1_b1_n1024_t0_p0.01_skill_default.csv,
PASS,v2,1,1024,0.01,0,0.00883744,0.802042,491,7.088e-06,0.221,reports/benchmark/v2_b1_n1024_t0_p0.01_skill_default.csv,,mode=v2 batch_size=1 n=1024 total=1024 threshold=0 keep_prob=0.010 total_count=491 avg_ms=0.008837 logical_gbps=0.802 csv=reports/benchmark/v2_b1_n1024_t0_p0.01_skill_default.csv,
PASS,v3,1,1024,0.01,0,0.00897728,0.789549,491,7.088e-06,0.218,reports/benchmark/v3_b1_n1024_t0_p0.01_skill_default.csv,,mode=v3 batch_size=1 n=1024 total=1024 threshold=0 keep_prob=0.010 total_count=491 avg_ms=0.008977 logical_gbps=0.790 csv=reports/benchmark/v3_b1_n1024_t0_p0.01_skill_default.csv,
PASS,v4,1,1024,0.01,0,0.00883968,0.801839,491,7.088e-06,0.200,reports/benchmark/v4_b1_n1024_t0_p0.01_skill_default.csv,,mode=v4 batch_size=1 n=1024 total=1024 threshold=0 keep_prob=0.010 total_count=491 avg_ms=0.008840 logical_gbps=0.802 csv=reports/benchmark/v4_b1_n1024_t0_p0.01_skill_default.csv,
PASS,v5,1,1024,0.01,0,0.00885504,0.800448,491,7.088e-06,0.200,reports/benchmark/v5_b1_n1024_t0_p0.01_skill_default.csv,,mode=v5 batch_size=1 n=1024 total=1024 threshold=0 keep_prob=0.010 total_count=491 avg_ms=0.008855 logical_gbps=0.800 csv=reports/benchmark/v5_b1_n1024_t0_p0.01_skill_default.csv,
PASS,library_cub_device_select,1,1024,0.1,0,0.00639808,1.10783,491,7.088e-06,0.190,reports/benchmark/library_cub_device_select_b1_n1024_t0_p0.1_skill_default.csv,,mode=library_cub_device_select batch_size=1 n=1024 total=1024 threshold=0 keep_prob=0.100 total_count=491 avg_ms=0.006398 logical_gbps=1.108 csv=reports/benchmark/library_cub_device_select_b1_n1024_t0_p0.1_skill_default.csv,
PASS,v1,1,1024,0.1,0,0.00884192,0.801636,491,7.088e-06,0.198,reports/benchmark/v1_b1_n1024_t0_p0.1_skill_default.csv,,mode=v1 batch_size=1 n=1024 total=1024 threshold=0 keep_prob=0.100 total_count=491 avg_ms=0.008842 logical_gbps=0.802 csv=reports/benchmark/v1_b1_n1024_t0_p0.1_skill_default.csv,
PASS,v2,1,1024,0.1,0,0.00881888,0.80373,491,7.088e-06,0.194,reports/benchmark/v2_b1_n1024_t0_p0.1_skill_default.csv,,mode=v2 batch_size=1 n=1024 total=1024 threshold=0 keep_prob=0.100 total_count=491 avg_ms=0.008819 logical_gbps=0.804 csv=reports/benchmark/v2_b1_n1024_t0_p0.1_skill_default.csv,
PASS,v3,1,1024,0.1,0,0.0088416,0.801665,491,7.088e-06,0.200,reports/benchmark/v3_b1_n1024_t0_p0.1_skill_default.csv,,mode=v3 batch_size=1 n=1024 total=1024 threshold=0 keep_prob=0.100 total_count=491 avg_ms=0.008842 logical_gbps=0.802 csv=reports/benchmark/v3_b1_n1024_t0_p0.1_skill_default.csv,
PASS,v4,1,1024,0.1,0,0.00906528,0.781884,491,7.088e-06,0.189,reports/benchmark/v4_b1_n1024_t0_p0.1_skill_default.csv,,mode=v4 batch_size=1 n=1024 total=1024 threshold=0 keep_prob=0.100 total_count=491 avg_ms=0.009065 logical_gbps=0.782 csv=reports/benchmark/v4_b1_n1024_t0_p0.1_skill_default.csv,
PASS,v5,1,1024,0.1,0,0.00883808,0.801984,491,7.088e-06,0.189,reports/benchmark/v5_b1_n1024_t0_p0.1_skill_default.csv,,mode=v5 batch_size=1 n=1024 total=1024 threshold=0 keep_prob=0.100 total_count=491 avg_ms=0.008838 logical_gbps=0.802 csv=reports/benchmark/v5_b1_n1024_t0_p0.1_skill_default.csv,
PASS,library_cub_device_select,1,1024,0.5,0,0.00638976,1.10927,491,7.088e-06,0.200,reports/benchmark/library_cub_device_select_b1_n1024_t0_p0.5_skill_default.csv,,mode=library_cub_device_select batch_size=1 n=1024 total=1024 threshold=0 keep_prob=0.500 total_count=491 avg_ms=0.006390 logical_gbps=1.109 csv=reports/benchmark/library_cub_device_select_b1_n1024_t0_p0.5_skill_default.csv,
PASS,v1,1,1024,0.5,0,0.008848,0.801085,491,7.088e-06,0.200,reports/benchmark/v1_b1_n1024_t0_p0.5_skill_default.csv,,mode=v1 batch_size=1 n=1024 total=1024 threshold=0 keep_prob=0.500 total_count=491 avg_ms=0.008848 logical_gbps=0.801 csv=reports/benchmark/v1_b1_n1024_t0_p0.5_skill_default.csv,
PASS,v2,1,1024,0.5,0,0.00882368,0.803293,491,7.088e-06,0.195,reports/benchmark/v2_b1_n1024_t0_p0.5_skill_default.csv,,mode=v2 batch_size=1 n=1024 total=1024 threshold=0 keep_prob=0.500 total_count=491 avg_ms=0.008824 logical_gbps=0.803 csv=reports/benchmark/v2_b1_n1024_t0_p0.5_skill_default.csv,
PASS,v3,1,1024,0.5,0,0.00885312,0.800622,491,7.088e-06,0.192,reports/benchmark/v3_b1_n1024_t0_p0.5_skill_default.csv,,mode=v3 batch_size=1 n=1024 total=1024 threshold=0 keep_prob=0.500 total_count=491 avg_ms=0.008853 logical_gbps=0.801 csv=reports/benchmark/v3_b1_n1024_t0_p0.5_skill_default.csv,
PASS,v4,1,1024,0.5,0,0.00884256,0.801578,491,7.088e-06,0.193,reports/benchmark/v4_b1_n1024_t0_p0.5_skill_default.csv,,mode=v4 batch_size=1 n=1024 total=1024 threshold=0 keep_prob=0.500 total_count=491 avg_ms=0.008843 logical_gbps=0.802 csv=reports/benchmark/v4_b1_n1024_t0_p0.5_skill_default.csv,
PASS,v5,1,1024,0.5,0,0.008864,0.799639,491,7.088e-06,0.220,reports/benchmark/v5_b1_n1024_t0_p0.5_skill_default.csv,,mode=v5 batch_size=1 n=1024 total=1024 threshold=0 keep_prob=0.500 total_count=491 avg_ms=0.008864 logical_gbps=0.800 csv=reports/benchmark/v5_b1_n1024_t0_p0.5_skill_default.csv,
PASS,library_cub_device_select,1,1024,0.9,0,0.00615296,1.15197,491,7.088e-06,0.200,reports/benchmark/library_cub_device_select_b1_n1024_t0_p0.9_skill_default.csv,,mode=library_cub_device_select batch_size=1 n=1024 total=1024 threshold=0 keep_prob=0.900 total_count=491 avg_ms=0.006153 logical_gbps=1.152 csv=reports/benchmark/library_cub_device_select_b1_n1024_t0_p0.9_skill_default.csv,
PASS,v1,1,1024,0.9,0,0.00887072,0.799033,491,7.088e-06,0.200,reports/benchmark/v1_b1_n1024_t0_p0.9_skill_default.csv,,mode=v1 batch_size=1 n=1024 total=1024 threshold=0 keep_prob=0.900 total_count=491 avg_ms=0.008871 logical_gbps=0.799 csv=reports/benchmark/v1_b1_n1024_t0_p0.9_skill_default.csv,
PASS,v2,1,1024,0.9,0,0.00881728,0.803876,491,7.088e-06,0.200,reports/benchmark/v2_b1_n1024_t0_p0.9_skill_default.csv,,mode=v2 batch_size=1 n=1024 total=1024 threshold=0 keep_prob=0.900 total_count=491 avg_ms=0.008817 logical_gbps=0.804 csv=reports/benchmark/v2_b1_n1024_t0_p0.9_skill_default.csv,
PASS,v3,1,1024,0.9,0,0.0088272,0.802973,491,7.088e-06,0.200,reports/benchmark/v3_b1_n1024_t0_p0.9_skill_default.csv,,mode=v3 batch_size=1 n=1024 total=1024 threshold=0 keep_prob=0.900 total_count=491 avg_ms=0.008827 logical_gbps=0.803 csv=reports/benchmark/v3_b1_n1024_t0_p0.9_skill_default.csv,
PASS,v4,1,1024,0.9,0,0.00882976,0.80274,491,7.088e-06,0.200,reports/benchmark/v4_b1_n1024_t0_p0.9_skill_default.csv,,mode=v4 batch_size=1 n=1024 total=1024 threshold=0 keep_prob=0.900 total_count=491 avg_ms=0.008830 logical_gbps=0.803 csv=reports/benchmark/v4_b1_n1024_t0_p0.9_skill_default.csv,
PASS,v5,1,1024,0.9,0,0.0088848,0.797767,491,7.088e-06,0.189,reports/benchmark/v5_b1_n1024_t0_p0.9_skill_default.csv,,mode=v5 batch_size=1 n=1024 total=1024 threshold=0 keep_prob=0.900 total_count=491 avg_ms=0.008885 logical_gbps=0.798 csv=reports/benchmark/v5_b1_n1024_t0_p0.9_skill_default.csv,
PASS,library_cub_device_select,1,1024,0.99,0,0.00628416,1.12792,491,7.088e-06,0.177,reports/benchmark/library_cub_device_select_b1_n1024_t0_p0.99_skill_default.csv,,mode=library_cub_device_select batch_size=1 n=1024 total=1024 threshold=0 keep_prob=0.990 total_count=491 avg_ms=0.006284 logical_gbps=1.128 csv=reports/benchmark/library_cub_device_select_b1_n1024_t0_p0.99_skill_default.csv,
PASS,v1,1,1024,0.99,0,0.00883264,0.802478,491,7.088e-06,0.207,reports/benchmark/v1_b1_n1024_t0_p0.99_skill_default.csv,,mode=v1 batch_size=1 n=1024 total=1024 threshold=0 keep_prob=0.990 total_count=491 avg_ms=0.008833 logical_gbps=0.802 csv=reports/benchmark/v1_b1_n1024_t0_p0.99_skill_default.csv,
PASS,v2,1,1024,0.99,0,0.00882656,0.803031,491,7.088e-06,0.188,reports/benchmark/v2_b1_n1024_t0_p0.99_skill_default.csv,,mode=v2 batch_size=1 n=1024 total=1024 threshold=0 keep_prob=0.990 total_count=491 avg_ms=0.008827 logical_gbps=0.803 csv=reports/benchmark/v2_b1_n1024_t0_p0.99_skill_default.csv,
PASS,v3,1,1024,0.99,0,0.00884832,0.801056,491,7.088e-06,0.183,reports/benchmark/v3_b1_n1024_t0_p0.99_skill_default.csv,,mode=v3 batch_size=1 n=1024 total=1024 threshold=0 keep_prob=0.990 total_count=491 avg_ms=0.008848 logical_gbps=0.801 csv=reports/benchmark/v3_b1_n1024_t0_p0.99_skill_default.csv,
PASS,v4,1,1024,0.99,0,0.00882272,0.80338,491,7.088e-06,0.184,reports/benchmark/v4_b1_n1024_t0_p0.99_skill_default.csv,,mode=v4 batch_size=1 n=1024 total=1024 threshold=0 keep_prob=0.990 total_count=491 avg_ms=0.008823 logical_gbps=0.803 csv=reports/benchmark/v4_b1_n1024_t0_p0.99_skill_default.csv,
PASS,v5,1,1024,0.99,0,0.00887264,0.79886,491,7.088e-06,0.194,reports/benchmark/v5_b1_n1024_t0_p0.99_skill_default.csv,,mode=v5 batch_size=1 n=1024 total=1024 threshold=0 keep_prob=0.990 total_count=491 avg_ms=0.008873 logical_gbps=0.799 csv=reports/benchmark/v5_b1_n1024_t0_p0.99_skill_default.csv,
PASS,library_cub_device_select,1,8192,0.01,0,0.006168,9.3061,4109,5.74e-05,0.200,reports/benchmark/library_cub_device_select_b1_n8192_t0_p0.01_skill_default.csv,,mode=library_cub_device_select batch_size=1 n=8192 total=8192 threshold=0 keep_prob=0.010 total_count=4109 avg_ms=0.006168 logical_gbps=9.306 csv=reports/benchmark/library_cub_device_select_b1_n8192_t0_p0.01_skill_default.csv,
PASS,v1,1,8192,0.01,0,0.00886944,6.47166,4109,5.74e-05,0.200,reports/benchmark/v1_b1_n8192_t0_p0.01_skill_default.csv,,mode=v1 batch_size=1 n=8192 total=8192 threshold=0 keep_prob=0.010 total_count=4109 avg_ms=0.008869 logical_gbps=6.472 csv=reports/benchmark/v1_b1_n8192_t0_p0.01_skill_default.csv,
PASS,v2,1,8192,0.01,0,0.00883232,6.49886,4109,5.74e-05,0.188,reports/benchmark/v2_b1_n8192_t0_p0.01_skill_default.csv,,mode=v2 batch_size=1 n=8192 total=8192 threshold=0 keep_prob=0.010 total_count=4109 avg_ms=0.008832 logical_gbps=6.499 csv=reports/benchmark/v2_b1_n8192_t0_p0.01_skill_default.csv,
PASS,v3,1,8192,0.01,0,0.00885088,6.48523,4109,5.74e-05,0.213,reports/benchmark/v3_b1_n8192_t0_p0.01_skill_default.csv,,mode=v3 batch_size=1 n=8192 total=8192 threshold=0 keep_prob=0.010 total_count=4109 avg_ms=0.008851 logical_gbps=6.485 csv=reports/benchmark/v3_b1_n8192_t0_p0.01_skill_default.csv,
PASS,v4,1,8192,0.01,0,0.00879808,6.52415,4109,5.74e-05,0.199,reports/benchmark/v4_b1_n8192_t0_p0.01_skill_default.csv,,mode=v4 batch_size=1 n=8192 total=8192 threshold=0 keep_prob=0.010 total_count=4109 avg_ms=0.008798 logical_gbps=6.524 csv=reports/benchmark/v4_b1_n8192_t0_p0.01_skill_default.csv,
PASS,v5,1,8192,0.01,0,0.0109258,5.25364,4109,5.74e-05,0.188,reports/benchmark/v5_b1_n8192_t0_p0.01_skill_default.csv,,mode=v5 batch_size=1 n=8192 total=8192 threshold=0 keep_prob=0.010 total_count=4109 avg_ms=0.010926 logical_gbps=5.254 csv=reports/benchmark/v5_b1_n8192_t0_p0.01_skill_default.csv,
PASS,library_cub_device_select,1,8192,0.1,0,0.00616672,9.30803,4109,5.74e-05,0.191,reports/benchmark/library_cub_device_select_b1_n8192_t0_p0.1_skill_default.csv,,mode=library_cub_device_select batch_size=1 n=8192 total=8192 threshold=0 keep_prob=0.100 total_count=4109 avg_ms=0.006167 logical_gbps=9.308 csv=reports/benchmark/library_cub_device_select_b1_n8192_t0_p0.1_skill_default.csv,
PASS,v1,1,8192,0.1,0,0.00885728,6.48054,4109,5.74e-05,0.200,reports/benchmark/v1_b1_n8192_t0_p0.1_skill_default.csv,,mode=v1 batch_size=1 n=8192 total=8192 threshold=0 keep_prob=0.100 total_count=4109 avg_ms=0.008857 logical_gbps=6.481 csv=reports/benchmark/v1_b1_n8192_t0_p0.1_skill_default.csv,
PASS,v2,1,8192,0.1,0,0.00885024,6.4857,4109,5.74e-05,0.200,reports/benchmark/v2_b1_n8192_t0_p0.1_skill_default.csv,,mode=v2 batch_size=1 n=8192 total=8192 threshold=0 keep_prob=0.100 total_count=4109 avg_ms=0.008850 logical_gbps=6.486 csv=reports/benchmark/v2_b1_n8192_t0_p0.1_skill_default.csv,
PASS,v3,1,8192,0.1,0,0.00883936,6.49368,4109,5.74e-05,0.190,reports/benchmark/v3_b1_n8192_t0_p0.1_skill_default.csv,,mode=v3 batch_size=1 n=8192 total=8192 threshold=0 keep_prob=0.100 total_count=4109 avg_ms=0.008839 logical_gbps=6.494 csv=reports/benchmark/v3_b1_n8192_t0_p0.1_skill_default.csv,
PASS,v4,1,8192,0.1,0,0.00889248,6.45489,4109,5.74e-05,0.178,reports/benchmark/v4_b1_n8192_t0_p0.1_skill_default.csv,,mode=v4 batch_size=1 n=8192 total=8192 threshold=0 keep_prob=0.100 total_count=4109 avg_ms=0.008892 logical_gbps=6.455 csv=reports/benchmark/v4_b1_n8192_t0_p0.1_skill_default.csv,
PASS,v5,1,8192,0.1,0,0.0109213,5.25579,4109,5.74e-05,0.180,reports/benchmark/v5_b1_n8192_t0_p0.1_skill_default.csv,,mode=v5 batch_size=1 n=8192 total=8192 threshold=0 keep_prob=0.100 total_count=4109 avg_ms=0.010921 logical_gbps=5.256 csv=reports/benchmark/v5_b1_n8192_t0_p0.1_skill_default.csv,
PASS,library_cub_device_select,1,8192,0.5,0,0.00616864,9.30513,4109,5.74e-05,0.174,reports/benchmark/library_cub_device_select_b1_n8192_t0_p0.5_skill_default.csv,,mode=library_cub_device_select batch_size=1 n=8192 total=8192 threshold=0 keep_prob=0.500 total_count=4109 avg_ms=0.006169 logical_gbps=9.305 csv=reports/benchmark/library_cub_device_select_b1_n8192_t0_p0.5_skill_default.csv,
PASS,v1,1,8192,0.5,0,0.00883296,6.49839,4109,5.74e-05,0.192,reports/benchmark/v1_b1_n8192_t0_p0.5_skill_default.csv,,mode=v1 batch_size=1 n=8192 total=8192 threshold=0 keep_prob=0.500 total_count=4109 avg_ms=0.008833 logical_gbps=6.498 csv=reports/benchmark/v1_b1_n8192_t0_p0.5_skill_default.csv,
PASS,v2,1,8192,0.5,0,0.00884896,6.48664,4109,5.74e-05,0.188,reports/benchmark/v2_b1_n8192_t0_p0.5_skill_default.csv,,mode=v2 batch_size=1 n=8192 total=8192 threshold=0 keep_prob=0.500 total_count=4109 avg_ms=0.008849 logical_gbps=6.487 csv=reports/benchmark/v2_b1_n8192_t0_p0.5_skill_default.csv,
PASS,v3,1,8192,0.5,0,0.00884736,6.48781,4109,5.74e-05,0.197,reports/benchmark/v3_b1_n8192_t0_p0.5_skill_default.csv,,mode=v3 batch_size=1 n=8192 total=8192 threshold=0 keep_prob=0.500 total_count=4109 avg_ms=0.008847 logical_gbps=6.488 csv=reports/benchmark/v3_b1_n8192_t0_p0.5_skill_default.csv,
PASS,v4,1,8192,0.5,0,0.00887808,6.46536,4109,5.74e-05,0.188,reports/benchmark/v4_b1_n8192_t0_p0.5_skill_default.csv,,mode=v4 batch_size=1 n=8192 total=8192 threshold=0 keep_prob=0.500 total_count=4109 avg_ms=0.008878 logical_gbps=6.465 csv=reports/benchmark/v4_b1_n8192_t0_p0.5_skill_default.csv,
PASS,v5,1,8192,0.5,0,0.0109162,5.25826,4109,5.74e-05,0.180,reports/benchmark/v5_b1_n8192_t0_p0.5_skill_default.csv,,mode=v5 batch_size=1 n=8192 total=8192 threshold=0 keep_prob=0.500 total_count=4109 avg_ms=0.010916 logical_gbps=5.258 csv=reports/benchmark/v5_b1_n8192_t0_p0.5_skill_default.csv,
PASS,library_cub_device_select,1,8192,0.9,0,0.00618592,9.27914,4109,5.74e-05,0.180,reports/benchmark/library_cub_device_select_b1_n8192_t0_p0.9_skill_default.csv,,mode=library_cub_device_select batch_size=1 n=8192 total=8192 threshold=0 keep_prob=0.900 total_count=4109 avg_ms=0.006186 logical_gbps=9.279 csv=reports/benchmark/library_cub_device_select_b1_n8192_t0_p0.9_skill_default.csv,
PASS,v1,1,8192,0.9,0,0.00889728,6.45141,4109,5.74e-05,0.191,reports/benchmark/v1_b1_n8192_t0_p0.9_skill_default.csv,,mode=v1 batch_size=1 n=8192 total=8192 threshold=0 keep_prob=0.900 total_count=4109 avg_ms=0.008897 logical_gbps=6.451 csv=reports/benchmark/v1_b1_n8192_t0_p0.9_skill_default.csv,
PASS,v2,1,8192,0.9,0,0.00883264,6.49862,4109,5.74e-05,0.200,reports/benchmark/v2_b1_n8192_t0_p0.9_skill_default.csv,,mode=v2 batch_size=1 n=8192 total=8192 threshold=0 keep_prob=0.900 total_count=4109 avg_ms=0.008833 logical_gbps=6.499 csv=reports/benchmark/v2_b1_n8192_t0_p0.9_skill_default.csv,
PASS,v3,1,8192,0.9,0,0.00886912,6.47189,4109,5.74e-05,0.189,reports/benchmark/v3_b1_n8192_t0_p0.9_skill_default.csv,,mode=v3 batch_size=1 n=8192 total=8192 threshold=0 keep_prob=0.900 total_count=4109 avg_ms=0.008869 logical_gbps=6.472 csv=reports/benchmark/v3_b1_n8192_t0_p0.9_skill_default.csv,
PASS,v4,1,8192,0.9,0,0.00886496,6.47493,4109,5.74e-05,0.240,reports/benchmark/v4_b1_n8192_t0_p0.9_skill_default.csv,,mode=v4 batch_size=1 n=8192 total=8192 threshold=0 keep_prob=0.900 total_count=4109 avg_ms=0.008865 logical_gbps=6.475 csv=reports/benchmark/v4_b1_n8192_t0_p0.9_skill_default.csv,
PASS,v5,1,8192,0.9,0,0.0108739,5.27869,4109,5.74e-05,0.192,reports/benchmark/v5_b1_n8192_t0_p0.9_skill_default.csv,,mode=v5 batch_size=1 n=8192 total=8192 threshold=0 keep_prob=0.900 total_count=4109 avg_ms=0.010874 logical_gbps=5.279 csv=reports/benchmark/v5_b1_n8192_t0_p0.9_skill_default.csv,
PASS,library_cub_device_select,1,8192,0.99,0,0.00622624,9.21905,4109,5.74e-05,0.175,reports/benchmark/library_cub_device_select_b1_n8192_t0_p0.99_skill_default.csv,,mode=library_cub_device_select batch_size=1 n=8192 total=8192 threshold=0 keep_prob=0.990 total_count=4109 avg_ms=0.006226 logical_gbps=9.219 csv=reports/benchmark/library_cub_device_select_b1_n8192_t0_p0.99_skill_default.csv,
PASS,v1,1,8192,0.99,0,0.00883712,6.49533,4109,5.74e-05,0.190,reports/benchmark/v1_b1_n8192_t0_p0.99_skill_default.csv,,mode=v1 batch_size=1 n=8192 total=8192 threshold=0 keep_prob=0.990 total_count=4109 avg_ms=0.008837 logical_gbps=6.495 csv=reports/benchmark/v1_b1_n8192_t0_p0.99_skill_default.csv,
PASS,v2,1,8192,0.99,0,0.00885888,6.47937,4109,5.74e-05,0.181,reports/benchmark/v2_b1_n8192_t0_p0.99_skill_default.csv,,mode=v2 batch_size=1 n=8192 total=8192 threshold=0 keep_prob=0.990 total_count=4109 avg_ms=0.008859 logical_gbps=6.479 csv=reports/benchmark/v2_b1_n8192_t0_p0.99_skill_default.csv,
PASS,v3,1,8192,0.99,0,0.00886464,6.47516,4109,5.74e-05,0.192,reports/benchmark/v3_b1_n8192_t0_p0.99_skill_default.csv,,mode=v3 batch_size=1 n=8192 total=8192 threshold=0 keep_prob=0.990 total_count=4109 avg_ms=0.008865 logical_gbps=6.475 csv=reports/benchmark/v3_b1_n8192_t0_p0.99_skill_default.csv,
PASS,v4,1,8192,0.99,0,0.00885472,6.48242,4109,5.74e-05,0.190,reports/benchmark/v4_b1_n8192_t0_p0.99_skill_default.csv,,mode=v4 batch_size=1 n=8192 total=8192 threshold=0 keep_prob=0.990 total_count=4109 avg_ms=0.008855 logical_gbps=6.482 csv=reports/benchmark/v4_b1_n8192_t0_p0.99_skill_default.csv,
PASS,v5,1,8192,0.99,0,0.0109114,5.26057,4109,5.74e-05,0.191,reports/benchmark/v5_b1_n8192_t0_p0.99_skill_default.csv,,mode=v5 batch_size=1 n=8192 total=8192 threshold=0 keep_prob=0.990 total_count=4109 avg_ms=0.010911 logical_gbps=5.261 csv=reports/benchmark/v5_b1_n8192_t0_p0.99_skill_default.csv,
PASS,library_cub_device_select,1,131072,0.01,0,0.00621408,147.896,65918,0.000919036,0.179,reports/benchmark/library_cub_device_select_b1_n131072_t0_p0.01_skill_default.csv,,mode=library_cub_device_select batch_size=1 n=131072 total=131072 threshold=0 keep_prob=0.010 total_count=65918 avg_ms=0.006214 logical_gbps=147.896 csv=reports/benchmark/library_cub_device_select_b1_n131072_t0_p0.01_skill_default.csv,
PASS,v1,1,131072,0.01,0,0.0128586,71.4727,65918,0.000919036,0.200,reports/benchmark/v1_b1_n131072_t0_p0.01_skill_default.csv,,mode=v1 batch_size=1 n=131072 total=131072 threshold=0 keep_prob=0.010 total_count=65918 avg_ms=0.012859 logical_gbps=71.473 csv=reports/benchmark/v1_b1_n131072_t0_p0.01_skill_default.csv,
PASS,v2,1,131072,0.01,0,0.0127782,71.922,65918,0.000919036,0.184,reports/benchmark/v2_b1_n131072_t0_p0.01_skill_default.csv,,mode=v2 batch_size=1 n=131072 total=131072 threshold=0 keep_prob=0.010 total_count=65918 avg_ms=0.012778 logical_gbps=71.922 csv=reports/benchmark/v2_b1_n131072_t0_p0.01_skill_default.csv,
PASS,v3,1,131072,0.01,0,0.0090272,101.807,65918,0.000919036,0.195,reports/benchmark/v3_b1_n131072_t0_p0.01_skill_default.csv,,mode=v3 batch_size=1 n=131072 total=131072 threshold=0 keep_prob=0.010 total_count=65918 avg_ms=0.009027 logical_gbps=101.807 csv=reports/benchmark/v3_b1_n131072_t0_p0.01_skill_default.csv,
PASS,v4,1,131072,0.01,0,0.0109571,83.8757,65918,0.000919036,0.193,reports/benchmark/v4_b1_n131072_t0_p0.01_skill_default.csv,,mode=v4 batch_size=1 n=131072 total=131072 threshold=0 keep_prob=0.010 total_count=65918 avg_ms=0.010957 logical_gbps=83.876 csv=reports/benchmark/v4_b1_n131072_t0_p0.01_skill_default.csv,
PASS,v5,1,131072,0.01,0,0.0109808,83.6948,65918,0.000919036,0.189,reports/benchmark/v5_b1_n131072_t0_p0.01_skill_default.csv,,mode=v5 batch_size=1 n=131072 total=131072 threshold=0 keep_prob=0.010 total_count=65918 avg_ms=0.010981 logical_gbps=83.695 csv=reports/benchmark/v5_b1_n131072_t0_p0.01_skill_default.csv,
PASS,library_cub_device_select,1,131072,0.1,0,0.00617024,148.947,65918,0.000919036,0.218,reports/benchmark/library_cub_device_select_b1_n131072_t0_p0.1_skill_default.csv,,mode=library_cub_device_select batch_size=1 n=131072 total=131072 threshold=0 keep_prob=0.100 total_count=65918 avg_ms=0.006170 logical_gbps=148.947 csv=reports/benchmark/library_cub_device_select_b1_n131072_t0_p0.1_skill_default.csv,
PASS,v1,1,131072,0.1,0,0.0127648,71.9977,65918,0.000919036,0.190,reports/benchmark/v1_b1_n131072_t0_p0.1_skill_default.csv,,mode=v1 batch_size=1 n=131072 total=131072 threshold=0 keep_prob=0.100 total_count=65918 avg_ms=0.012765 logical_gbps=71.998 csv=reports/benchmark/v1_b1_n131072_t0_p0.1_skill_default.csv,
PASS,v2,1,131072,0.1,0,0.012768,71.9796,65918,0.000919036,0.191,reports/benchmark/v2_b1_n131072_t0_p0.1_skill_default.csv,,mode=v2 batch_size=1 n=131072 total=131072 threshold=0 keep_prob=0.100 total_count=65918 avg_ms=0.012768 logical_gbps=71.980 csv=reports/benchmark/v2_b1_n131072_t0_p0.1_skill_default.csv,
PASS,v3,1,131072,0.1,0,0.00896096,102.56,65918,0.000919036,0.200,reports/benchmark/v3_b1_n131072_t0_p0.1_skill_default.csv,,mode=v3 batch_size=1 n=131072 total=131072 threshold=0 keep_prob=0.100 total_count=65918 avg_ms=0.008961 logical_gbps=102.560 csv=reports/benchmark/v3_b1_n131072_t0_p0.1_skill_default.csv,
PASS,v4,1,131072,0.1,0,0.0107402,85.57,65918,0.000919036,0.188,reports/benchmark/v4_b1_n131072_t0_p0.1_skill_default.csv,,mode=v4 batch_size=1 n=131072 total=131072 threshold=0 keep_prob=0.100 total_count=65918 avg_ms=0.010740 logical_gbps=85.570 csv=reports/benchmark/v4_b1_n131072_t0_p0.1_skill_default.csv,
PASS,v5,1,131072,0.1,0,0.0110022,83.5317,65918,0.000919036,0.191,reports/benchmark/v5_b1_n131072_t0_p0.1_skill_default.csv,,mode=v5 batch_size=1 n=131072 total=131072 threshold=0 keep_prob=0.100 total_count=65918 avg_ms=0.011002 logical_gbps=83.532 csv=reports/benchmark/v5_b1_n131072_t0_p0.1_skill_default.csv,
PASS,library_cub_device_select,1,131072,0.5,0,0.00620288,148.163,65918,0.000919036,0.186,reports/benchmark/library_cub_device_select_b1_n131072_t0_p0.5_skill_default.csv,,mode=library_cub_device_select batch_size=1 n=131072 total=131072 threshold=0 keep_prob=0.500 total_count=65918 avg_ms=0.006203 logical_gbps=148.163 csv=reports/benchmark/library_cub_device_select_b1_n131072_t0_p0.5_skill_default.csv,
PASS,v1,1,131072,0.5,0,0.0127792,71.9165,65918,0.000919036,0.193,reports/benchmark/v1_b1_n131072_t0_p0.5_skill_default.csv,,mode=v1 batch_size=1 n=131072 total=131072 threshold=0 keep_prob=0.500 total_count=65918 avg_ms=0.012779 logical_gbps=71.917 csv=reports/benchmark/v1_b1_n131072_t0_p0.5_skill_default.csv,
PASS,v2,1,131072,0.5,0,0.0126496,72.6534,65918,0.000919036,0.205,reports/benchmark/v2_b1_n131072_t0_p0.5_skill_default.csv,,mode=v2 batch_size=1 n=131072 total=131072 threshold=0 keep_prob=0.500 total_count=65918 avg_ms=0.012650 logical_gbps=72.653 csv=reports/benchmark/v2_b1_n131072_t0_p0.5_skill_default.csv,
PASS,v3,1,131072,0.5,0,0.0089648,102.516,65918,0.000919036,0.197,reports/benchmark/v3_b1_n131072_t0_p0.5_skill_default.csv,,mode=v3 batch_size=1 n=131072 total=131072 threshold=0 keep_prob=0.500 total_count=65918 avg_ms=0.008965 logical_gbps=102.516 csv=reports/benchmark/v3_b1_n131072_t0_p0.5_skill_default.csv,
PASS,v4,1,131072,0.5,0,0.0109114,84.2275,65918,0.000919036,0.201,reports/benchmark/v4_b1_n131072_t0_p0.5_skill_default.csv,,mode=v4 batch_size=1 n=131072 total=131072 threshold=0 keep_prob=0.500 total_count=65918 avg_ms=0.010911 logical_gbps=84.227 csv=reports/benchmark/v4_b1_n131072_t0_p0.5_skill_default.csv,
PASS,v5,1,131072,0.5,0,0.0109456,83.964,65918,0.000919036,0.197,reports/benchmark/v5_b1_n131072_t0_p0.5_skill_default.csv,,mode=v5 batch_size=1 n=131072 total=131072 threshold=0 keep_prob=0.500 total_count=65918 avg_ms=0.010946 logical_gbps=83.964 csv=reports/benchmark/v5_b1_n131072_t0_p0.5_skill_default.csv,
PASS,library_cub_device_select,1,131072,0.9,0,0.00616576,149.055,65918,0.000919036,0.185,reports/benchmark/library_cub_device_select_b1_n131072_t0_p0.9_skill_default.csv,,mode=library_cub_device_select batch_size=1 n=131072 total=131072 threshold=0 keep_prob=0.900 total_count=65918 avg_ms=0.006166 logical_gbps=149.055 csv=reports/benchmark/library_cub_device_select_b1_n131072_t0_p0.9_skill_default.csv,
PASS,v1,1,131072,0.9,0,0.0128563,71.4852,65918,0.000919036,0.195,reports/benchmark/v1_b1_n131072_t0_p0.9_skill_default.csv,,mode=v1 batch_size=1 n=131072 total=131072 threshold=0 keep_prob=0.900 total_count=65918 avg_ms=0.012856 logical_gbps=71.485 csv=reports/benchmark/v1_b1_n131072_t0_p0.9_skill_default.csv,
PASS,v2,1,131072,0.9,0,0.0127696,71.9706,65918,0.000919036,0.194,reports/benchmark/v2_b1_n131072_t0_p0.9_skill_default.csv,,mode=v2 batch_size=1 n=131072 total=131072 threshold=0 keep_prob=0.900 total_count=65918 avg_ms=0.012770 logical_gbps=71.971 csv=reports/benchmark/v2_b1_n131072_t0_p0.9_skill_default.csv,
PASS,v3,1,131072,0.9,0,0.00900576,102.05,65918,0.000919036,0.205,reports/benchmark/v3_b1_n131072_t0_p0.9_skill_default.csv,,mode=v3 batch_size=1 n=131072 total=131072 threshold=0 keep_prob=0.900 total_count=65918 avg_ms=0.009006 logical_gbps=102.050 csv=reports/benchmark/v3_b1_n131072_t0_p0.9_skill_default.csv,
PASS,v4,1,131072,0.9,0,0.0110128,83.4516,65918,0.000919036,0.190,reports/benchmark/v4_b1_n131072_t0_p0.9_skill_default.csv,,mode=v4 batch_size=1 n=131072 total=131072 threshold=0 keep_prob=0.900 total_count=65918 avg_ms=0.011013 logical_gbps=83.452 csv=reports/benchmark/v4_b1_n131072_t0_p0.9_skill_default.csv,
PASS,v5,1,131072,0.9,0,0.0110541,83.14,65918,0.000919036,0.199,reports/benchmark/v5_b1_n131072_t0_p0.9_skill_default.csv,,mode=v5 batch_size=1 n=131072 total=131072 threshold=0 keep_prob=0.900 total_count=65918 avg_ms=0.011054 logical_gbps=83.140 csv=reports/benchmark/v5_b1_n131072_t0_p0.9_skill_default.csv,
PASS,library_cub_device_select,1,131072,0.99,0,0.00641088,143.356,65918,0.000919036,0.191,reports/benchmark/library_cub_device_select_b1_n131072_t0_p0.99_skill_default.csv,,mode=library_cub_device_select batch_size=1 n=131072 total=131072 threshold=0 keep_prob=0.990 total_count=65918 avg_ms=0.006411 logical_gbps=143.356 csv=reports/benchmark/library_cub_device_select_b1_n131072_t0_p0.99_skill_default.csv,
PASS,v1,1,131072,0.99,0,0.0128627,71.4496,65918,0.000919036,0.208,reports/benchmark/v1_b1_n131072_t0_p0.99_skill_default.csv,,mode=v1 batch_size=1 n=131072 total=131072 threshold=0 keep_prob=0.990 total_count=65918 avg_ms=0.012863 logical_gbps=71.450 csv=reports/benchmark/v1_b1_n131072_t0_p0.99_skill_default.csv,
PASS,v2,1,131072,0.99,0,0.0127581,72.0356,65918,0.000919036,0.192,reports/benchmark/v2_b1_n131072_t0_p0.99_skill_default.csv,,mode=v2 batch_size=1 n=131072 total=131072 threshold=0 keep_prob=0.990 total_count=65918 avg_ms=0.012758 logical_gbps=72.036 csv=reports/benchmark/v2_b1_n131072_t0_p0.99_skill_default.csv,
PASS,v3,1,131072,0.99,0,0.00899232,102.202,65918,0.000919036,0.187,reports/benchmark/v3_b1_n131072_t0_p0.99_skill_default.csv,,mode=v3 batch_size=1 n=131072 total=131072 threshold=0 keep_prob=0.990 total_count=65918 avg_ms=0.008992 logical_gbps=102.202 csv=reports/benchmark/v3_b1_n131072_t0_p0.99_skill_default.csv,
PASS,v4,1,131072,0.99,0,0.0110067,83.4977,65918,0.000919036,0.195,reports/benchmark/v4_b1_n131072_t0_p0.99_skill_default.csv,,mode=v4 batch_size=1 n=131072 total=131072 threshold=0 keep_prob=0.990 total_count=65918 avg_ms=0.011007 logical_gbps=83.498 csv=reports/benchmark/v4_b1_n131072_t0_p0.99_skill_default.csv,
PASS,v5,1,131072,0.99,0,0.0110381,83.2605,65918,0.000919036,0.200,reports/benchmark/v5_b1_n131072_t0_p0.99_skill_default.csv,,mode=v5 batch_size=1 n=131072 total=131072 threshold=0 keep_prob=0.990 total_count=65918 avg_ms=0.011038 logical_gbps=83.260 csv=reports/benchmark/v5_b1_n131072_t0_p0.99_skill_default.csv,
PASS,library_cub_device_select,1,1048576,0.01,0,0.0103402,711.607,528812,0.00735813,0.200,reports/benchmark/library_cub_device_select_b1_n1048576_t0_p0.01_skill_default.csv,,mode=library_cub_device_select batch_size=1 n=1048576 total=1048576 threshold=0 keep_prob=0.010 total_count=528812 avg_ms=0.010340 logical_gbps=711.607 csv=reports/benchmark/library_cub_device_select_b1_n1048576_t0_p0.01_skill_default.csv,
PASS,v1,1,1048576,0.01,0,0.0363402,202.479,528812,0.00735813,0.203,reports/benchmark/v1_b1_n1048576_t0_p0.01_skill_default.csv,,mode=v1 batch_size=1 n=1048576 total=1048576 threshold=0 keep_prob=0.010 total_count=528812 avg_ms=0.036340 logical_gbps=202.479 csv=reports/benchmark/v1_b1_n1048576_t0_p0.01_skill_default.csv,
PASS,v2,1,1048576,0.01,0,0.0313664,234.586,528812,0.00735813,0.214,reports/benchmark/v2_b1_n1048576_t0_p0.01_skill_default.csv,,mode=v2 batch_size=1 n=1048576 total=1048576 threshold=0 keep_prob=0.010 total_count=528812 avg_ms=0.031366 logical_gbps=234.586 csv=reports/benchmark/v2_b1_n1048576_t0_p0.01_skill_default.csv,
PASS,v3,1,1048576,0.01,0,0.0190906,385.433,528812,0.00735813,0.200,reports/benchmark/v3_b1_n1048576_t0_p0.01_skill_default.csv,,mode=v3 batch_size=1 n=1048576 total=1048576 threshold=0 keep_prob=0.010 total_count=528812 avg_ms=0.019091 logical_gbps=385.433 csv=reports/benchmark/v3_b1_n1048576_t0_p0.01_skill_default.csv,
PASS,v4,1,1048576,0.01,0,0.0190976,385.291,528812,0.00735813,0.201,reports/benchmark/v4_b1_n1048576_t0_p0.01_skill_default.csv,,mode=v4 batch_size=1 n=1048576 total=1048576 threshold=0 keep_prob=0.010 total_count=528812 avg_ms=0.019098 logical_gbps=385.291 csv=reports/benchmark/v4_b1_n1048576_t0_p0.01_skill_default.csv,
PASS,v5,1,1048576,0.01,0,0.0202182,363.935,528812,0.00735813,0.199,reports/benchmark/v5_b1_n1048576_t0_p0.01_skill_default.csv,,mode=v5 batch_size=1 n=1048576 total=1048576 threshold=0 keep_prob=0.010 total_count=528812 avg_ms=0.020218 logical_gbps=363.935 csv=reports/benchmark/v5_b1_n1048576_t0_p0.01_skill_default.csv,
PASS,library_cub_device_select,1,1048576,0.1,0,0.0102614,717.066,528812,0.00735813,0.200,reports/benchmark/library_cub_device_select_b1_n1048576_t0_p0.1_skill_default.csv,,mode=library_cub_device_select batch_size=1 n=1048576 total=1048576 threshold=0 keep_prob=0.100 total_count=528812 avg_ms=0.010261 logical_gbps=717.066 csv=reports/benchmark/library_cub_device_select_b1_n1048576_t0_p0.1_skill_default.csv,
PASS,v1,1,1048576,0.1,0,0.0363462,202.445,528812,0.00735813,0.200,reports/benchmark/v1_b1_n1048576_t0_p0.1_skill_default.csv,,mode=v1 batch_size=1 n=1048576 total=1048576 threshold=0 keep_prob=0.100 total_count=528812 avg_ms=0.036346 logical_gbps=202.445 csv=reports/benchmark/v1_b1_n1048576_t0_p0.1_skill_default.csv,
PASS,v2,1,1048576,0.1,0,0.031368,234.574,528812,0.00735813,0.199,reports/benchmark/v2_b1_n1048576_t0_p0.1_skill_default.csv,,mode=v2 batch_size=1 n=1048576 total=1048576 threshold=0 keep_prob=0.100 total_count=528812 avg_ms=0.031368 logical_gbps=234.574 csv=reports/benchmark/v2_b1_n1048576_t0_p0.1_skill_default.csv,
PASS,v3,1,1048576,0.1,0,0.0190925,385.394,528812,0.00735813,0.201,reports/benchmark/v3_b1_n1048576_t0_p0.1_skill_default.csv,,mode=v3 batch_size=1 n=1048576 total=1048576 threshold=0 keep_prob=0.100 total_count=528812 avg_ms=0.019092 logical_gbps=385.394 csv=reports/benchmark/v3_b1_n1048576_t0_p0.1_skill_default.csv,
PASS,v4,1,1048576,0.1,0,0.0190691,385.866,528812,0.00735813,0.200,reports/benchmark/v4_b1_n1048576_t0_p0.1_skill_default.csv,,mode=v4 batch_size=1 n=1048576 total=1048576 threshold=0 keep_prob=0.100 total_count=528812 avg_ms=0.019069 logical_gbps=385.866 csv=reports/benchmark/v4_b1_n1048576_t0_p0.1_skill_default.csv,
PASS,v5,1,1048576,0.1,0,0.0199011,369.735,528812,0.00735813,0.210,reports/benchmark/v5_b1_n1048576_t0_p0.1_skill_default.csv,,mode=v5 batch_size=1 n=1048576 total=1048576 threshold=0 keep_prob=0.100 total_count=528812 avg_ms=0.019901 logical_gbps=369.735 csv=reports/benchmark/v5_b1_n1048576_t0_p0.1_skill_default.csv,
PASS,library_cub_device_select,1,1048576,0.5,0,0.010313,713.484,528812,0.00735813,0.190,reports/benchmark/library_cub_device_select_b1_n1048576_t0_p0.5_skill_default.csv,,mode=library_cub_device_select batch_size=1 n=1048576 total=1048576 threshold=0 keep_prob=0.500 total_count=528812 avg_ms=0.010313 logical_gbps=713.484 csv=reports/benchmark/library_cub_device_select_b1_n1048576_t0_p0.5_skill_default.csv,
PASS,v1,1,1048576,0.5,0,0.0362099,203.208,528812,0.00735813,0.205,reports/benchmark/v1_b1_n1048576_t0_p0.5_skill_default.csv,,mode=v1 batch_size=1 n=1048576 total=1048576 threshold=0 keep_prob=0.500 total_count=528812 avg_ms=0.036210 logical_gbps=203.208 csv=reports/benchmark/v1_b1_n1048576_t0_p0.5_skill_default.csv,
PASS,v2,1,1048576,0.5,0,0.0313715,234.548,528812,0.00735813,0.219,reports/benchmark/v2_b1_n1048576_t0_p0.5_skill_default.csv,,mode=v2 batch_size=1 n=1048576 total=1048576 threshold=0 keep_prob=0.500 total_count=528812 avg_ms=0.031372 logical_gbps=234.548 csv=reports/benchmark/v2_b1_n1048576_t0_p0.5_skill_default.csv,
PASS,v3,1,1048576,0.5,0,0.0190883,385.478,528812,0.00735813,0.198,reports/benchmark/v3_b1_n1048576_t0_p0.5_skill_default.csv,,mode=v3 batch_size=1 n=1048576 total=1048576 threshold=0 keep_prob=0.500 total_count=528812 avg_ms=0.019088 logical_gbps=385.478 csv=reports/benchmark/v3_b1_n1048576_t0_p0.5_skill_default.csv,
PASS,v4,1,1048576,0.5,0,0.0190813,385.62,528812,0.00735813,0.199,reports/benchmark/v4_b1_n1048576_t0_p0.5_skill_default.csv,,mode=v4 batch_size=1 n=1048576 total=1048576 threshold=0 keep_prob=0.500 total_count=528812 avg_ms=0.019081 logical_gbps=385.620 csv=reports/benchmark/v4_b1_n1048576_t0_p0.5_skill_default.csv,
PASS,v5,1,1048576,0.5,0,0.0200003,367.901,528812,0.00735813,0.209,reports/benchmark/v5_b1_n1048576_t0_p0.5_skill_default.csv,,mode=v5 batch_size=1 n=1048576 total=1048576 threshold=0 keep_prob=0.500 total_count=528812 avg_ms=0.020000 logical_gbps=367.901 csv=reports/benchmark/v5_b1_n1048576_t0_p0.5_skill_default.csv,
PASS,library_cub_device_select,1,1048576,0.9,0,0.0102666,716.709,528812,0.00735813,0.191,reports/benchmark/library_cub_device_select_b1_n1048576_t0_p0.9_skill_default.csv,,mode=library_cub_device_select batch_size=1 n=1048576 total=1048576 threshold=0 keep_prob=0.900 total_count=528812 avg_ms=0.010267 logical_gbps=716.709 csv=reports/benchmark/library_cub_device_select_b1_n1048576_t0_p0.9_skill_default.csv,
PASS,v1,1,1048576,0.9,0,0.0361117,203.76,528812,0.00735813,0.199,reports/benchmark/v1_b1_n1048576_t0_p0.9_skill_default.csv,,mode=v1 batch_size=1 n=1048576 total=1048576 threshold=0 keep_prob=0.900 total_count=528812 avg_ms=0.036112 logical_gbps=203.760 csv=reports/benchmark/v1_b1_n1048576_t0_p0.9_skill_default.csv,
PASS,v2,1,1048576,0.9,0,0.0313376,234.802,528812,0.00735813,0.199,reports/benchmark/v2_b1_n1048576_t0_p0.9_skill_default.csv,,mode=v2 batch_size=1 n=1048576 total=1048576 threshold=0 keep_prob=0.900 total_count=528812 avg_ms=0.031338 logical_gbps=234.802 csv=reports/benchmark/v2_b1_n1048576_t0_p0.9_skill_default.csv,
PASS,v3,1,1048576,0.9,0,0.0190906,385.433,528812,0.00735813,0.208,reports/benchmark/v3_b1_n1048576_t0_p0.9_skill_default.csv,,mode=v3 batch_size=1 n=1048576 total=1048576 threshold=0 keep_prob=0.900 total_count=528812 avg_ms=0.019091 logical_gbps=385.433 csv=reports/benchmark/v3_b1_n1048576_t0_p0.9_skill_default.csv,
PASS,v4,1,1048576,0.9,0,0.0190714,385.821,528812,0.00735813,0.211,reports/benchmark/v4_b1_n1048576_t0_p0.9_skill_default.csv,,mode=v4 batch_size=1 n=1048576 total=1048576 threshold=0 keep_prob=0.900 total_count=528812 avg_ms=0.019071 logical_gbps=385.821 csv=reports/benchmark/v4_b1_n1048576_t0_p0.9_skill_default.csv,
PASS,v5,1,1048576,0.9,0,0.0202883,362.678,528812,0.00735813,0.220,reports/benchmark/v5_b1_n1048576_t0_p0.9_skill_default.csv,,mode=v5 batch_size=1 n=1048576 total=1048576 threshold=0 keep_prob=0.900 total_count=528812 avg_ms=0.020288 logical_gbps=362.678 csv=reports/benchmark/v5_b1_n1048576_t0_p0.9_skill_default.csv,
PASS,library_cub_device_select,1,1048576,0.99,0,0.0102854,715.393,528812,0.00735813,0.200,reports/benchmark/library_cub_device_select_b1_n1048576_t0_p0.99_skill_default.csv,,mode=library_cub_device_select batch_size=1 n=1048576 total=1048576 threshold=0 keep_prob=0.990 total_count=528812 avg_ms=0.010285 logical_gbps=715.393 csv=reports/benchmark/library_cub_device_select_b1_n1048576_t0_p0.99_skill_default.csv,
PASS,v1,1,1048576,0.99,0,0.0361578,203.501,528812,0.00735813,0.186,reports/benchmark/v1_b1_n1048576_t0_p0.99_skill_default.csv,,mode=v1 batch_size=1 n=1048576 total=1048576 threshold=0 keep_prob=0.990 total_count=528812 avg_ms=0.036158 logical_gbps=203.501 csv=reports/benchmark/v1_b1_n1048576_t0_p0.99_skill_default.csv,
PASS,v2,1,1048576,0.99,0,0.0313734,234.534,528812,0.00735813,0.203,reports/benchmark/v2_b1_n1048576_t0_p0.99_skill_default.csv,,mode=v2 batch_size=1 n=1048576 total=1048576 threshold=0 keep_prob=0.990 total_count=528812 avg_ms=0.031373 logical_gbps=234.534 csv=reports/benchmark/v2_b1_n1048576_t0_p0.99_skill_default.csv,
PASS,v3,1,1048576,0.99,0,0.0190938,385.368,528812,0.00735813,0.192,reports/benchmark/v3_b1_n1048576_t0_p0.99_skill_default.csv,,mode=v3 batch_size=1 n=1048576 total=1048576 threshold=0 keep_prob=0.990 total_count=528812 avg_ms=0.019094 logical_gbps=385.368 csv=reports/benchmark/v3_b1_n1048576_t0_p0.99_skill_default.csv,
PASS,v4,1,1048576,0.99,0,0.0190858,385.53,528812,0.00735813,0.188,reports/benchmark/v4_b1_n1048576_t0_p0.99_skill_default.csv,,mode=v4 batch_size=1 n=1048576 total=1048576 threshold=0 keep_prob=0.990 total_count=528812 avg_ms=0.019086 logical_gbps=385.530 csv=reports/benchmark/v4_b1_n1048576_t0_p0.99_skill_default.csv,
PASS,v5,1,1048576,0.99,0,0.0200534,366.926,528812,0.00735813,0.215,reports/benchmark/v5_b1_n1048576_t0_p0.99_skill_default.csv,,mode=v5 batch_size=1 n=1048576 total=1048576 threshold=0 keep_prob=0.990 total_count=528812 avg_ms=0.020053 logical_gbps=366.926 csv=reports/benchmark/v5_b1_n1048576_t0_p0.99_skill_default.csv,
PASS,library_cub_device_select,2,1024,0.01,0,0.0123674,1.15498,1009,1.4284e-05,0.195,reports/benchmark/library_cub_device_select_b2_n1024_t0_p0.01_skill_default.csv,,mode=library_cub_device_select batch_size=2 n=1024 total=2048 threshold=0 keep_prob=0.010 total_count=1009 avg_ms=0.012367 logical_gbps=1.155 csv=reports/benchmark/library_cub_device_select_b2_n1024_t0_p0.01_skill_default.csv,
PASS,v1,2,1024,0.01,0,0.00893472,1.59871,1009,1.4284e-05,0.186,reports/benchmark/v1_b2_n1024_t0_p0.01_skill_default.csv,,mode=v1 batch_size=2 n=1024 total=2048 threshold=0 keep_prob=0.010 total_count=1009 avg_ms=0.008935 logical_gbps=1.599 csv=reports/benchmark/v1_b2_n1024_t0_p0.01_skill_default.csv,
PASS,v2,2,1024,0.01,0,0.00883584,1.6166,1009,1.4284e-05,0.179,reports/benchmark/v2_b2_n1024_t0_p0.01_skill_default.csv,,mode=v2 batch_size=2 n=1024 total=2048 threshold=0 keep_prob=0.010 total_count=1009 avg_ms=0.008836 logical_gbps=1.617 csv=reports/benchmark/v2_b2_n1024_t0_p0.01_skill_default.csv,
PASS,v3,2,1024,0.01,0,0.00884096,1.61566,1009,1.4284e-05,0.181,reports/benchmark/v3_b2_n1024_t0_p0.01_skill_default.csv,,mode=v3 batch_size=2 n=1024 total=2048 threshold=0 keep_prob=0.010 total_count=1009 avg_ms=0.008841 logical_gbps=1.616 csv=reports/benchmark/v3_b2_n1024_t0_p0.01_skill_default.csv,
PASS,v4,2,1024,0.01,0,0.00883904,1.61601,1009,1.4284e-05,0.189,reports/benchmark/v4_b2_n1024_t0_p0.01_skill_default.csv,,mode=v4 batch_size=2 n=1024 total=2048 threshold=0 keep_prob=0.010 total_count=1009 avg_ms=0.008839 logical_gbps=1.616 csv=reports/benchmark/v4_b2_n1024_t0_p0.01_skill_default.csv,
PASS,v5,2,1024,0.01,0,0.00882912,1.61783,1009,1.4284e-05,0.191,reports/benchmark/v5_b2_n1024_t0_p0.01_skill_default.csv,,mode=v5 batch_size=2 n=1024 total=2048 threshold=0 keep_prob=0.010 total_count=1009 avg_ms=0.008829 logical_gbps=1.618 csv=reports/benchmark/v5_b2_n1024_t0_p0.01_skill_default.csv,
PASS,library_cub_device_select,2,1024,0.1,0,0.0123334,1.15815,1009,1.4284e-05,0.177,reports/benchmark/library_cub_device_select_b2_n1024_t0_p0.1_skill_default.csv,,mode=library_cub_device_select batch_size=2 n=1024 total=2048 threshold=0 keep_prob=0.100 total_count=1009 avg_ms=0.012333 logical_gbps=1.158 csv=reports/benchmark/library_cub_device_select_b2_n1024_t0_p0.1_skill_default.csv,
PASS,v1,2,1024,0.1,0,0.00893856,1.59802,1009,1.4284e-05,0.182,reports/benchmark/v1_b2_n1024_t0_p0.1_skill_default.csv,,mode=v1 batch_size=2 n=1024 total=2048 threshold=0 keep_prob=0.100 total_count=1009 avg_ms=0.008939 logical_gbps=1.598 csv=reports/benchmark/v1_b2_n1024_t0_p0.1_skill_default.csv,
PASS,v2,2,1024,0.1,0,0.00883072,1.61754,1009,1.4284e-05,0.196,reports/benchmark/v2_b2_n1024_t0_p0.1_skill_default.csv,,mode=v2 batch_size=2 n=1024 total=2048 threshold=0 keep_prob=0.100 total_count=1009 avg_ms=0.008831 logical_gbps=1.618 csv=reports/benchmark/v2_b2_n1024_t0_p0.1_skill_default.csv,
PASS,v3,2,1024,0.1,0,0.00882112,1.6193,1009,1.4284e-05,0.185,reports/benchmark/v3_b2_n1024_t0_p0.1_skill_default.csv,,mode=v3 batch_size=2 n=1024 total=2048 threshold=0 keep_prob=0.100 total_count=1009 avg_ms=0.008821 logical_gbps=1.619 csv=reports/benchmark/v3_b2_n1024_t0_p0.1_skill_default.csv,
PASS,v4,2,1024,0.1,0,0.00881536,1.62035,1009,1.4284e-05,0.192,reports/benchmark/v4_b2_n1024_t0_p0.1_skill_default.csv,,mode=v4 batch_size=2 n=1024 total=2048 threshold=0 keep_prob=0.100 total_count=1009 avg_ms=0.008815 logical_gbps=1.620 csv=reports/benchmark/v4_b2_n1024_t0_p0.1_skill_default.csv,
PASS,v5,2,1024,0.1,0,0.0088528,1.6135,1009,1.4284e-05,0.201,reports/benchmark/v5_b2_n1024_t0_p0.1_skill_default.csv,,mode=v5 batch_size=2 n=1024 total=2048 threshold=0 keep_prob=0.100 total_count=1009 avg_ms=0.008853 logical_gbps=1.614 csv=reports/benchmark/v5_b2_n1024_t0_p0.1_skill_default.csv,
PASS,library_cub_device_select,2,1024,0.5,0,0.0123334,1.15815,1009,1.4284e-05,0.180,reports/benchmark/library_cub_device_select_b2_n1024_t0_p0.5_skill_default.csv,,mode=library_cub_device_select batch_size=2 n=1024 total=2048 threshold=0 keep_prob=0.500 total_count=1009 avg_ms=0.012333 logical_gbps=1.158 csv=reports/benchmark/library_cub_device_select_b2_n1024_t0_p0.5_skill_default.csv,
PASS,v1,2,1024,0.5,0,0.0088432,1.61525,1009,1.4284e-05,0.200,reports/benchmark/v1_b2_n1024_t0_p0.5_skill_default.csv,,mode=v1 batch_size=2 n=1024 total=2048 threshold=0 keep_prob=0.500 total_count=1009 avg_ms=0.008843 logical_gbps=1.615 csv=reports/benchmark/v1_b2_n1024_t0_p0.5_skill_default.csv,
PASS,v2,2,1024,0.5,0,0.00883744,1.61631,1009,1.4284e-05,0.183,reports/benchmark/v2_b2_n1024_t0_p0.5_skill_default.csv,,mode=v2 batch_size=2 n=1024 total=2048 threshold=0 keep_prob=0.500 total_count=1009 avg_ms=0.008837 logical_gbps=1.616 csv=reports/benchmark/v2_b2_n1024_t0_p0.5_skill_default.csv,
PASS,v3,2,1024,0.5,0,0.0089488,1.59619,1009,1.4284e-05,0.194,reports/benchmark/v3_b2_n1024_t0_p0.5_skill_default.csv,,mode=v3 batch_size=2 n=1024 total=2048 threshold=0 keep_prob=0.500 total_count=1009 avg_ms=0.008949 logical_gbps=1.596 csv=reports/benchmark/v3_b2_n1024_t0_p0.5_skill_default.csv,
PASS,v4,2,1024,0.5,0,0.0089408,1.59762,1009,1.4284e-05,0.205,reports/benchmark/v4_b2_n1024_t0_p0.5_skill_default.csv,,mode=v4 batch_size=2 n=1024 total=2048 threshold=0 keep_prob=0.500 total_count=1009 avg_ms=0.008941 logical_gbps=1.598 csv=reports/benchmark/v4_b2_n1024_t0_p0.5_skill_default.csv,
PASS,v5,2,1024,0.5,0,0.00883232,1.61724,1009,1.4284e-05,0.190,reports/benchmark/v5_b2_n1024_t0_p0.5_skill_default.csv,,mode=v5 batch_size=2 n=1024 total=2048 threshold=0 keep_prob=0.500 total_count=1009 avg_ms=0.008832 logical_gbps=1.617 csv=reports/benchmark/v5_b2_n1024_t0_p0.5_skill_default.csv,
PASS,library_cub_device_select,2,1024,0.9,0,0.0123469,1.15689,1009,1.4284e-05,0.174,reports/benchmark/library_cub_device_select_b2_n1024_t0_p0.9_skill_default.csv,,mode=library_cub_device_select batch_size=2 n=1024 total=2048 threshold=0 keep_prob=0.900 total_count=1009 avg_ms=0.012347 logical_gbps=1.157 csv=reports/benchmark/library_cub_device_select_b2_n1024_t0_p0.9_skill_default.csv,
PASS,v1,2,1024,0.9,0,0.00886048,1.6121,1009,1.4284e-05,0.191,reports/benchmark/v1_b2_n1024_t0_p0.9_skill_default.csv,,mode=v1 batch_size=2 n=1024 total=2048 threshold=0 keep_prob=0.900 total_count=1009 avg_ms=0.008860 logical_gbps=1.612 csv=reports/benchmark/v1_b2_n1024_t0_p0.9_skill_default.csv,
PASS,v2,2,1024,0.9,0,0.00888192,1.60821,1009,1.4284e-05,0.190,reports/benchmark/v2_b2_n1024_t0_p0.9_skill_default.csv,,mode=v2 batch_size=2 n=1024 total=2048 threshold=0 keep_prob=0.900 total_count=1009 avg_ms=0.008882 logical_gbps=1.608 csv=reports/benchmark/v2_b2_n1024_t0_p0.9_skill_default.csv,
PASS,v3,2,1024,0.9,0,0.00882912,1.61783,1009,1.4284e-05,0.190,reports/benchmark/v3_b2_n1024_t0_p0.9_skill_default.csv,,mode=v3 batch_size=2 n=1024 total=2048 threshold=0 keep_prob=0.900 total_count=1009 avg_ms=0.008829 logical_gbps=1.618 csv=reports/benchmark/v3_b2_n1024_t0_p0.9_skill_default.csv,
PASS,v4,2,1024,0.9,0,0.00905152,1.57808,1009,1.4284e-05,0.204,reports/benchmark/v4_b2_n1024_t0_p0.9_skill_default.csv,,mode=v4 batch_size=2 n=1024 total=2048 threshold=0 keep_prob=0.900 total_count=1009 avg_ms=0.009052 logical_gbps=1.578 csv=reports/benchmark/v4_b2_n1024_t0_p0.9_skill_default.csv,
PASS,v5,2,1024,0.9,0,0.00888256,1.60809,1009,1.4284e-05,0.195,reports/benchmark/v5_b2_n1024_t0_p0.9_skill_default.csv,,mode=v5 batch_size=2 n=1024 total=2048 threshold=0 keep_prob=0.900 total_count=1009 avg_ms=0.008883 logical_gbps=1.608 csv=reports/benchmark/v5_b2_n1024_t0_p0.9_skill_default.csv,
PASS,library_cub_device_select,2,1024,0.99,0,0.0123085,1.1605,1009,1.4284e-05,0.187,reports/benchmark/library_cub_device_select_b2_n1024_t0_p0.99_skill_default.csv,,mode=library_cub_device_select batch_size=2 n=1024 total=2048 threshold=0 keep_prob=0.990 total_count=1009 avg_ms=0.012308 logical_gbps=1.161 csv=reports/benchmark/library_cub_device_select_b2_n1024_t0_p0.99_skill_default.csv,
PASS,v1,2,1024,0.99,0,0.00888928,1.60688,1009,1.4284e-05,0.233,reports/benchmark/v1_b2_n1024_t0_p0.99_skill_default.csv,,mode=v1 batch_size=2 n=1024 total=2048 threshold=0 keep_prob=0.990 total_count=1009 avg_ms=0.008889 logical_gbps=1.607 csv=reports/benchmark/v1_b2_n1024_t0_p0.99_skill_default.csv,
PASS,v2,2,1024,0.99,0,0.00889024,1.60671,1009,1.4284e-05,0.185,reports/benchmark/v2_b2_n1024_t0_p0.99_skill_default.csv,,mode=v2 batch_size=2 n=1024 total=2048 threshold=0 keep_prob=0.990 total_count=1009 avg_ms=0.008890 logical_gbps=1.607 csv=reports/benchmark/v2_b2_n1024_t0_p0.99_skill_default.csv,
PASS,v3,2,1024,0.99,0,0.00890048,1.60486,1009,1.4284e-05,0.195,reports/benchmark/v3_b2_n1024_t0_p0.99_skill_default.csv,,mode=v3 batch_size=2 n=1024 total=2048 threshold=0 keep_prob=0.990 total_count=1009 avg_ms=0.008900 logical_gbps=1.605 csv=reports/benchmark/v3_b2_n1024_t0_p0.99_skill_default.csv,
PASS,v4,2,1024,0.99,0,0.00890432,1.60417,1009,1.4284e-05,0.189,reports/benchmark/v4_b2_n1024_t0_p0.99_skill_default.csv,,mode=v4 batch_size=2 n=1024 total=2048 threshold=0 keep_prob=0.990 total_count=1009 avg_ms=0.008904 logical_gbps=1.604 csv=reports/benchmark/v4_b2_n1024_t0_p0.99_skill_default.csv,
PASS,v5,2,1024,0.99,0,0.00883584,1.6166,1009,1.4284e-05,0.178,reports/benchmark/v5_b2_n1024_t0_p0.99_skill_default.csv,,mode=v5 batch_size=2 n=1024 total=2048 threshold=0 keep_prob=0.990 total_count=1009 avg_ms=0.008836 logical_gbps=1.617 csv=reports/benchmark/v5_b2_n1024_t0_p0.99_skill_default.csv,
PASS,library_cub_device_select,2,8192,0.01,0,0.0123226,9.32988,8260,0.000114968,0.175,reports/benchmark/library_cub_device_select_b2_n8192_t0_p0.01_skill_default.csv,,mode=library_cub_device_select batch_size=2 n=8192 total=16384 threshold=0 keep_prob=0.010 total_count=8260 avg_ms=0.012323 logical_gbps=9.330 csv=reports/benchmark/library_cub_device_select_b2_n8192_t0_p0.01_skill_default.csv,
PASS,v1,2,8192,0.01,0,0.00882528,13.0271,8260,0.000114968,0.204,reports/benchmark/v1_b2_n8192_t0_p0.01_skill_default.csv,,mode=v1 batch_size=2 n=8192 total=16384 threshold=0 keep_prob=0.010 total_count=8260 avg_ms=0.008825 logical_gbps=13.027 csv=reports/benchmark/v1_b2_n8192_t0_p0.01_skill_default.csv,
PASS,v2,2,8192,0.01,0,0.00885056,12.9899,8260,0.000114968,0.179,reports/benchmark/v2_b2_n8192_t0_p0.01_skill_default.csv,,mode=v2 batch_size=2 n=8192 total=16384 threshold=0 keep_prob=0.010 total_count=8260 avg_ms=0.008851 logical_gbps=12.990 csv=reports/benchmark/v2_b2_n8192_t0_p0.01_skill_default.csv,
PASS,v3,2,8192,0.01,0,0.00887552,12.9534,8260,0.000114968,0.219,reports/benchmark/v3_b2_n8192_t0_p0.01_skill_default.csv,,mode=v3 batch_size=2 n=8192 total=16384 threshold=0 keep_prob=0.010 total_count=8260 avg_ms=0.008876 logical_gbps=12.953 csv=reports/benchmark/v3_b2_n8192_t0_p0.01_skill_default.csv,
PASS,v4,2,8192,0.01,0,0.0088432,13.0007,8260,0.000114968,0.194,reports/benchmark/v4_b2_n8192_t0_p0.01_skill_default.csv,,mode=v4 batch_size=2 n=8192 total=16384 threshold=0 keep_prob=0.010 total_count=8260 avg_ms=0.008843 logical_gbps=13.001 csv=reports/benchmark/v4_b2_n8192_t0_p0.01_skill_default.csv,
PASS,v5,2,8192,0.01,0,0.0108851,10.5619,8260,0.000114968,0.187,reports/benchmark/v5_b2_n8192_t0_p0.01_skill_default.csv,,mode=v5 batch_size=2 n=8192 total=16384 threshold=0 keep_prob=0.010 total_count=8260 avg_ms=0.010885 logical_gbps=10.562 csv=reports/benchmark/v5_b2_n8192_t0_p0.01_skill_default.csv,
PASS,library_cub_device_select,2,8192,0.1,0,0.0123322,9.32262,8260,0.000114968,0.193,reports/benchmark/library_cub_device_select_b2_n8192_t0_p0.1_skill_default.csv,,mode=library_cub_device_select batch_size=2 n=8192 total=16384 threshold=0 keep_prob=0.100 total_count=8260 avg_ms=0.012332 logical_gbps=9.323 csv=reports/benchmark/library_cub_device_select_b2_n8192_t0_p0.1_skill_default.csv,
PASS,v1,2,8192,0.1,0,0.0088736,12.9562,8260,0.000114968,0.185,reports/benchmark/v1_b2_n8192_t0_p0.1_skill_default.csv,,mode=v1 batch_size=2 n=8192 total=16384 threshold=0 keep_prob=0.100 total_count=8260 avg_ms=0.008874 logical_gbps=12.956 csv=reports/benchmark/v1_b2_n8192_t0_p0.1_skill_default.csv,
PASS,v2,2,8192,0.1,0,0.00884672,12.9956,8260,0.000114968,0.182,reports/benchmark/v2_b2_n8192_t0_p0.1_skill_default.csv,,mode=v2 batch_size=2 n=8192 total=16384 threshold=0 keep_prob=0.100 total_count=8260 avg_ms=0.008847 logical_gbps=12.996 csv=reports/benchmark/v2_b2_n8192_t0_p0.1_skill_default.csv,
PASS,v3,2,8192,0.1,0,0.00889248,12.9287,8260,0.000114968,0.195,reports/benchmark/v3_b2_n8192_t0_p0.1_skill_default.csv,,mode=v3 batch_size=2 n=8192 total=16384 threshold=0 keep_prob=0.100 total_count=8260 avg_ms=0.008892 logical_gbps=12.929 csv=reports/benchmark/v3_b2_n8192_t0_p0.1_skill_default.csv,
PASS,v4,2,8192,0.1,0,0.00885472,12.9838,8260,0.000114968,0.201,reports/benchmark/v4_b2_n8192_t0_p0.1_skill_default.csv,,mode=v4 batch_size=2 n=8192 total=16384 threshold=0 keep_prob=0.100 total_count=8260 avg_ms=0.008855 logical_gbps=12.984 csv=reports/benchmark/v4_b2_n8192_t0_p0.1_skill_default.csv,
PASS,v5,2,8192,0.1,0,0.0109226,10.5257,8260,0.000114968,0.203,reports/benchmark/v5_b2_n8192_t0_p0.1_skill_default.csv,,mode=v5 batch_size=2 n=8192 total=16384 threshold=0 keep_prob=0.100 total_count=8260 avg_ms=0.010923 logical_gbps=10.526 csv=reports/benchmark/v5_b2_n8192_t0_p0.1_skill_default.csv,
PASS,library_cub_device_select,2,8192,0.5,0,0.0123658,9.29729,8260,0.000114968,0.184,reports/benchmark/library_cub_device_select_b2_n8192_t0_p0.5_skill_default.csv,,mode=library_cub_device_select batch_size=2 n=8192 total=16384 threshold=0 keep_prob=0.500 total_count=8260 avg_ms=0.012366 logical_gbps=9.297 csv=reports/benchmark/library_cub_device_select_b2_n8192_t0_p0.5_skill_default.csv,
PASS,v1,2,8192,0.5,0,0.00883296,13.0158,8260,0.000114968,0.178,reports/benchmark/v1_b2_n8192_t0_p0.5_skill_default.csv,,mode=v1 batch_size=2 n=8192 total=16384 threshold=0 keep_prob=0.500 total_count=8260 avg_ms=0.008833 logical_gbps=13.016 csv=reports/benchmark/v1_b2_n8192_t0_p0.5_skill_default.csv,
PASS,v2,2,8192,0.5,0,0.00885216,12.9876,8260,0.000114968,0.193,reports/benchmark/v2_b2_n8192_t0_p0.5_skill_default.csv,,mode=v2 batch_size=2 n=8192 total=16384 threshold=0 keep_prob=0.500 total_count=8260 avg_ms=0.008852 logical_gbps=12.988 csv=reports/benchmark/v2_b2_n8192_t0_p0.5_skill_default.csv,
PASS,v3,2,8192,0.5,0,0.00883168,13.0177,8260,0.000114968,0.200,reports/benchmark/v3_b2_n8192_t0_p0.5_skill_default.csv,,mode=v3 batch_size=2 n=8192 total=16384 threshold=0 keep_prob=0.500 total_count=8260 avg_ms=0.008832 logical_gbps=13.018 csv=reports/benchmark/v3_b2_n8192_t0_p0.5_skill_default.csv,
PASS,v4,2,8192,0.5,0,0.00884608,12.9965,8260,0.000114968,0.199,reports/benchmark/v4_b2_n8192_t0_p0.5_skill_default.csv,,mode=v4 batch_size=2 n=8192 total=16384 threshold=0 keep_prob=0.500 total_count=8260 avg_ms=0.008846 logical_gbps=12.996 csv=reports/benchmark/v4_b2_n8192_t0_p0.5_skill_default.csv,
PASS,v5,2,8192,0.5,0,0.010936,10.5128,8260,0.000114968,0.200,reports/benchmark/v5_b2_n8192_t0_p0.5_skill_default.csv,,mode=v5 batch_size=2 n=8192 total=16384 threshold=0 keep_prob=0.500 total_count=8260 avg_ms=0.010936 logical_gbps=10.513 csv=reports/benchmark/v5_b2_n8192_t0_p0.5_skill_default.csv,
PASS,library_cub_device_select,2,8192,0.9,0,0.012353,9.30692,8260,0.000114968,0.200,reports/benchmark/library_cub_device_select_b2_n8192_t0_p0.9_skill_default.csv,,mode=library_cub_device_select batch_size=2 n=8192 total=16384 threshold=0 keep_prob=0.900 total_count=8260 avg_ms=0.012353 logical_gbps=9.307 csv=reports/benchmark/library_cub_device_select_b2_n8192_t0_p0.9_skill_default.csv,
PASS,v1,2,8192,0.9,0,0.00882624,13.0257,8260,0.000114968,0.200,reports/benchmark/v1_b2_n8192_t0_p0.9_skill_default.csv,,mode=v1 batch_size=2 n=8192 total=16384 threshold=0 keep_prob=0.900 total_count=8260 avg_ms=0.008826 logical_gbps=13.026 csv=reports/benchmark/v1_b2_n8192_t0_p0.9_skill_default.csv,
PASS,v2,2,8192,0.9,0,0.00891264,12.8994,8260,0.000114968,0.191,reports/benchmark/v2_b2_n8192_t0_p0.9_skill_default.csv,,mode=v2 batch_size=2 n=8192 total=16384 threshold=0 keep_prob=0.900 total_count=8260 avg_ms=0.008913 logical_gbps=12.899 csv=reports/benchmark/v2_b2_n8192_t0_p0.9_skill_default.csv,
PASS,v3,2,8192,0.9,0,0.00882592,13.0262,8260,0.000114968,0.189,reports/benchmark/v3_b2_n8192_t0_p0.9_skill_default.csv,,mode=v3 batch_size=2 n=8192 total=16384 threshold=0 keep_prob=0.900 total_count=8260 avg_ms=0.008826 logical_gbps=13.026 csv=reports/benchmark/v3_b2_n8192_t0_p0.9_skill_default.csv,
PASS,v4,2,8192,0.9,0,0.00881408,13.0437,8260,0.000114968,0.200,reports/benchmark/v4_b2_n8192_t0_p0.9_skill_default.csv,,mode=v4 batch_size=2 n=8192 total=16384 threshold=0 keep_prob=0.900 total_count=8260 avg_ms=0.008814 logical_gbps=13.044 csv=reports/benchmark/v4_b2_n8192_t0_p0.9_skill_default.csv,
PASS,v5,2,8192,0.9,0,0.0108752,10.5716,8260,0.000114968,0.189,reports/benchmark/v5_b2_n8192_t0_p0.9_skill_default.csv,,mode=v5 batch_size=2 n=8192 total=16384 threshold=0 keep_prob=0.900 total_count=8260 avg_ms=0.010875 logical_gbps=10.572 csv=reports/benchmark/v5_b2_n8192_t0_p0.9_skill_default.csv,
PASS,library_cub_device_select,2,8192,0.99,0,0.012457,9.22922,8260,0.000114968,0.191,reports/benchmark/library_cub_device_select_b2_n8192_t0_p0.99_skill_default.csv,,mode=library_cub_device_select batch_size=2 n=8192 total=16384 threshold=0 keep_prob=0.990 total_count=8260 avg_ms=0.012457 logical_gbps=9.229 csv=reports/benchmark/library_cub_device_select_b2_n8192_t0_p0.99_skill_default.csv,
PASS,v1,2,8192,0.99,0,0.00895456,12.839,8260,0.000114968,0.200,reports/benchmark/v1_b2_n8192_t0_p0.99_skill_default.csv,,mode=v1 batch_size=2 n=8192 total=16384 threshold=0 keep_prob=0.990 total_count=8260 avg_ms=0.008955 logical_gbps=12.839 csv=reports/benchmark/v1_b2_n8192_t0_p0.99_skill_default.csv,
PASS,v2,2,8192,0.99,0,0.00884416,12.9993,8260,0.000114968,0.200,reports/benchmark/v2_b2_n8192_t0_p0.99_skill_default.csv,,mode=v2 batch_size=2 n=8192 total=16384 threshold=0 keep_prob=0.990 total_count=8260 avg_ms=0.008844 logical_gbps=12.999 csv=reports/benchmark/v2_b2_n8192_t0_p0.99_skill_default.csv,
PASS,v3,2,8192,0.99,0,0.00884352,13.0003,8260,0.000114968,0.203,reports/benchmark/v3_b2_n8192_t0_p0.99_skill_default.csv,,mode=v3 batch_size=2 n=8192 total=16384 threshold=0 keep_prob=0.990 total_count=8260 avg_ms=0.008844 logical_gbps=13.000 csv=reports/benchmark/v3_b2_n8192_t0_p0.99_skill_default.csv,
PASS,v4,2,8192,0.99,0,0.00885568,12.9824,8260,0.000114968,0.197,reports/benchmark/v4_b2_n8192_t0_p0.99_skill_default.csv,,mode=v4 batch_size=2 n=8192 total=16384 threshold=0 keep_prob=0.990 total_count=8260 avg_ms=0.008856 logical_gbps=12.982 csv=reports/benchmark/v4_b2_n8192_t0_p0.99_skill_default.csv,
PASS,v5,2,8192,0.99,0,0.010905,10.5427,8260,0.000114968,0.183,reports/benchmark/v5_b2_n8192_t0_p0.99_skill_default.csv,,mode=v5 batch_size=2 n=8192 total=16384 threshold=0 keep_prob=0.990 total_count=8260 avg_ms=0.010905 logical_gbps=10.543 csv=reports/benchmark/v5_b2_n8192_t0_p0.99_skill_default.csv,
PASS,library_cub_device_select,2,131072,0.01,0,0.0123594,148.784,132036,0.00183887,0.199,reports/benchmark/library_cub_device_select_b2_n131072_t0_p0.01_skill_default.csv,,mode=library_cub_device_select batch_size=2 n=131072 total=262144 threshold=0 keep_prob=0.010 total_count=132036 avg_ms=0.012359 logical_gbps=148.784 csv=reports/benchmark/library_cub_device_select_b2_n131072_t0_p0.01_skill_default.csv,
PASS,v1,2,131072,0.01,0,0.0141443,130.008,132036,0.00183887,0.189,reports/benchmark/v1_b2_n131072_t0_p0.01_skill_default.csv,,mode=v1 batch_size=2 n=131072 total=262144 threshold=0 keep_prob=0.010 total_count=132036 avg_ms=0.014144 logical_gbps=130.008 csv=reports/benchmark/v1_b2_n131072_t0_p0.01_skill_default.csv,
PASS,v2,2,131072,0.01,0,0.0129798,141.671,132036,0.00183887,0.188,reports/benchmark/v2_b2_n131072_t0_p0.01_skill_default.csv,,mode=v2 batch_size=2 n=131072 total=262144 threshold=0 keep_prob=0.010 total_count=132036 avg_ms=0.012980 logical_gbps=141.671 csv=reports/benchmark/v2_b2_n131072_t0_p0.01_skill_default.csv,
PASS,v3,2,131072,0.01,0,0.0126685,145.153,132036,0.00183887,0.200,reports/benchmark/v3_b2_n131072_t0_p0.01_skill_default.csv,,mode=v3 batch_size=2 n=131072 total=262144 threshold=0 keep_prob=0.010 total_count=132036 avg_ms=0.012668 logical_gbps=145.153 csv=reports/benchmark/v3_b2_n131072_t0_p0.01_skill_default.csv,
PASS,v4,2,131072,0.01,0,0.0121107,151.838,132036,0.00183887,0.196,reports/benchmark/v4_b2_n131072_t0_p0.01_skill_default.csv,,mode=v4 batch_size=2 n=131072 total=262144 threshold=0 keep_prob=0.010 total_count=132036 avg_ms=0.012111 logical_gbps=151.838 csv=reports/benchmark/v4_b2_n131072_t0_p0.01_skill_default.csv,
PASS,v5,2,131072,0.01,0,0.0127603,144.109,132036,0.00183887,0.209,reports/benchmark/v5_b2_n131072_t0_p0.01_skill_default.csv,,mode=v5 batch_size=2 n=131072 total=262144 threshold=0 keep_prob=0.010 total_count=132036 avg_ms=0.012760 logical_gbps=144.109 csv=reports/benchmark/v5_b2_n131072_t0_p0.01_skill_default.csv,
PASS,library_cub_device_select,2,131072,0.1,0,0.012287,149.659,132036,0.00183887,0.186,reports/benchmark/library_cub_device_select_b2_n131072_t0_p0.1_skill_default.csv,,mode=library_cub_device_select batch_size=2 n=131072 total=262144 threshold=0 keep_prob=0.100 total_count=132036 avg_ms=0.012287 logical_gbps=149.659 csv=reports/benchmark/library_cub_device_select_b2_n131072_t0_p0.1_skill_default.csv,
PASS,v1,2,131072,0.1,0,0.0142272,129.25,132036,0.00183887,0.178,reports/benchmark/v1_b2_n131072_t0_p0.1_skill_default.csv,,mode=v1 batch_size=2 n=131072 total=262144 threshold=0 keep_prob=0.100 total_count=132036 avg_ms=0.014227 logical_gbps=129.250 csv=reports/benchmark/v1_b2_n131072_t0_p0.1_skill_default.csv,
PASS,v2,2,131072,0.1,0,0.012929,142.229,132036,0.00183887,0.194,reports/benchmark/v2_b2_n131072_t0_p0.1_skill_default.csv,,mode=v2 batch_size=2 n=131072 total=262144 threshold=0 keep_prob=0.100 total_count=132036 avg_ms=0.012929 logical_gbps=142.229 csv=reports/benchmark/v2_b2_n131072_t0_p0.1_skill_default.csv,
PASS,v3,2,131072,0.1,0,0.0126502,145.363,132036,0.00183887,0.217,reports/benchmark/v3_b2_n131072_t0_p0.1_skill_default.csv,,mode=v3 batch_size=2 n=131072 total=262144 threshold=0 keep_prob=0.100 total_count=132036 avg_ms=0.012650 logical_gbps=145.363 csv=reports/benchmark/v3_b2_n131072_t0_p0.1_skill_default.csv,
PASS,v4,2,131072,0.1,0,0.012152,151.323,132036,0.00183887,0.200,reports/benchmark/v4_b2_n131072_t0_p0.1_skill_default.csv,,mode=v4 batch_size=2 n=131072 total=262144 threshold=0 keep_prob=0.100 total_count=132036 avg_ms=0.012152 logical_gbps=151.323 csv=reports/benchmark/v4_b2_n131072_t0_p0.1_skill_default.csv,
PASS,v5,2,131072,0.1,0,0.0127251,144.507,132036,0.00183887,0.189,reports/benchmark/v5_b2_n131072_t0_p0.1_skill_default.csv,,mode=v5 batch_size=2 n=131072 total=262144 threshold=0 keep_prob=0.100 total_count=132036 avg_ms=0.012725 logical_gbps=144.507 csv=reports/benchmark/v5_b2_n131072_t0_p0.1_skill_default.csv,
PASS,library_cub_device_select,2,131072,0.5,0,0.0123421,148.992,132036,0.00183887,0.185,reports/benchmark/library_cub_device_select_b2_n131072_t0_p0.5_skill_default.csv,,mode=library_cub_device_select batch_size=2 n=131072 total=262144 threshold=0 keep_prob=0.500 total_count=132036 avg_ms=0.012342 logical_gbps=148.992 csv=reports/benchmark/library_cub_device_select_b2_n131072_t0_p0.5_skill_default.csv,
PASS,v1,2,131072,0.5,0,0.014056,130.825,132036,0.00183887,0.195,reports/benchmark/v1_b2_n131072_t0_p0.5_skill_default.csv,,mode=v1 batch_size=2 n=131072 total=262144 threshold=0 keep_prob=0.500 total_count=132036 avg_ms=0.014056 logical_gbps=130.825 csv=reports/benchmark/v1_b2_n131072_t0_p0.5_skill_default.csv,
PASS,v2,2,131072,0.5,0,0.0129434,142.071,132036,0.00183887,0.190,reports/benchmark/v2_b2_n131072_t0_p0.5_skill_default.csv,,mode=v2 batch_size=2 n=131072 total=262144 threshold=0 keep_prob=0.500 total_count=132036 avg_ms=0.012943 logical_gbps=142.071 csv=reports/benchmark/v2_b2_n131072_t0_p0.5_skill_default.csv,
PASS,v3,2,131072,0.5,0,0.0126717,145.117,132036,0.00183887,0.200,reports/benchmark/v3_b2_n131072_t0_p0.5_skill_default.csv,,mode=v3 batch_size=2 n=131072 total=262144 threshold=0 keep_prob=0.500 total_count=132036 avg_ms=0.012672 logical_gbps=145.117 csv=reports/benchmark/v3_b2_n131072_t0_p0.5_skill_default.csv,
PASS,v4,2,131072,0.5,0,0.0121981,150.751,132036,0.00183887,0.200,reports/benchmark/v4_b2_n131072_t0_p0.5_skill_default.csv,,mode=v4 batch_size=2 n=131072 total=262144 threshold=0 keep_prob=0.500 total_count=132036 avg_ms=0.012198 logical_gbps=150.751 csv=reports/benchmark/v4_b2_n131072_t0_p0.5_skill_default.csv,
PASS,v5,2,131072,0.5,0,0.0127558,144.159,132036,0.00183887,0.191,reports/benchmark/v5_b2_n131072_t0_p0.5_skill_default.csv,,mode=v5 batch_size=2 n=131072 total=262144 threshold=0 keep_prob=0.500 total_count=132036 avg_ms=0.012756 logical_gbps=144.159 csv=reports/benchmark/v5_b2_n131072_t0_p0.5_skill_default.csv,
PASS,library_cub_device_select,2,131072,0.9,0,0.0124448,147.762,132036,0.00183887,0.191,reports/benchmark/library_cub_device_select_b2_n131072_t0_p0.9_skill_default.csv,,mode=library_cub_device_select batch_size=2 n=131072 total=262144 threshold=0 keep_prob=0.900 total_count=132036 avg_ms=0.012445 logical_gbps=147.762 csv=reports/benchmark/library_cub_device_select_b2_n131072_t0_p0.9_skill_default.csv,
PASS,v1,2,131072,0.9,0,0.0140694,130.7,132036,0.00183887,0.243,reports/benchmark/v1_b2_n131072_t0_p0.9_skill_default.csv,,mode=v1 batch_size=2 n=131072 total=262144 threshold=0 keep_prob=0.900 total_count=132036 avg_ms=0.014069 logical_gbps=130.700 csv=reports/benchmark/v1_b2_n131072_t0_p0.9_skill_default.csv,
PASS,v2,2,131072,0.9,0,0.0130256,141.174,132036,0.00183887,0.198,reports/benchmark/v2_b2_n131072_t0_p0.9_skill_default.csv,,mode=v2 batch_size=2 n=131072 total=262144 threshold=0 keep_prob=0.900 total_count=132036 avg_ms=0.013026 logical_gbps=141.174 csv=reports/benchmark/v2_b2_n131072_t0_p0.9_skill_default.csv,
PASS,v3,2,131072,0.9,0,0.0126682,145.157,132036,0.00183887,0.197,reports/benchmark/v3_b2_n131072_t0_p0.9_skill_default.csv,,mode=v3 batch_size=2 n=131072 total=262144 threshold=0 keep_prob=0.900 total_count=132036 avg_ms=0.012668 logical_gbps=145.157 csv=reports/benchmark/v3_b2_n131072_t0_p0.9_skill_default.csv,
PASS,v4,2,131072,0.9,0,0.0120784,152.245,132036,0.00183887,0.215,reports/benchmark/v4_b2_n131072_t0_p0.9_skill_default.csv,,mode=v4 batch_size=2 n=131072 total=262144 threshold=0 keep_prob=0.900 total_count=132036 avg_ms=0.012078 logical_gbps=152.245 csv=reports/benchmark/v4_b2_n131072_t0_p0.9_skill_default.csv,
PASS,v5,2,131072,0.9,0,0.0127606,144.105,132036,0.00183887,0.194,reports/benchmark/v5_b2_n131072_t0_p0.9_skill_default.csv,,mode=v5 batch_size=2 n=131072 total=262144 threshold=0 keep_prob=0.900 total_count=132036 avg_ms=0.012761 logical_gbps=144.105 csv=reports/benchmark/v5_b2_n131072_t0_p0.9_skill_default.csv,
PASS,library_cub_device_select,2,131072,0.99,0,0.0124854,147.281,132036,0.00183887,0.192,reports/benchmark/library_cub_device_select_b2_n131072_t0_p0.99_skill_default.csv,,mode=library_cub_device_select batch_size=2 n=131072 total=262144 threshold=0 keep_prob=0.990 total_count=132036 avg_ms=0.012485 logical_gbps=147.281 csv=reports/benchmark/library_cub_device_select_b2_n131072_t0_p0.99_skill_default.csv,
PASS,v1,2,131072,0.99,0,0.0139885,131.456,132036,0.00183887,0.199,reports/benchmark/v1_b2_n131072_t0_p0.99_skill_default.csv,,mode=v1 batch_size=2 n=131072 total=262144 threshold=0 keep_prob=0.990 total_count=132036 avg_ms=0.013988 logical_gbps=131.456 csv=reports/benchmark/v1_b2_n131072_t0_p0.99_skill_default.csv,
PASS,v2,2,131072,0.99,0,0.0129667,141.815,132036,0.00183887,0.220,reports/benchmark/v2_b2_n131072_t0_p0.99_skill_default.csv,,mode=v2 batch_size=2 n=131072 total=262144 threshold=0 keep_prob=0.990 total_count=132036 avg_ms=0.012967 logical_gbps=141.815 csv=reports/benchmark/v2_b2_n131072_t0_p0.99_skill_default.csv,
PASS,v3,2,131072,0.99,0,0.0126851,144.963,132036,0.00183887,0.220,reports/benchmark/v3_b2_n131072_t0_p0.99_skill_default.csv,,mode=v3 batch_size=2 n=131072 total=262144 threshold=0 keep_prob=0.990 total_count=132036 avg_ms=0.012685 logical_gbps=144.963 csv=reports/benchmark/v3_b2_n131072_t0_p0.99_skill_default.csv,
PASS,v4,2,131072,0.99,0,0.0120931,152.059,132036,0.00183887,0.200,reports/benchmark/v4_b2_n131072_t0_p0.99_skill_default.csv,,mode=v4 batch_size=2 n=131072 total=262144 threshold=0 keep_prob=0.990 total_count=132036 avg_ms=0.012093 logical_gbps=152.059 csv=reports/benchmark/v4_b2_n131072_t0_p0.99_skill_default.csv,
PASS,v5,2,131072,0.99,0,0.0127286,144.467,132036,0.00183887,0.197,reports/benchmark/v5_b2_n131072_t0_p0.99_skill_default.csv,,mode=v5 batch_size=2 n=131072 total=262144 threshold=0 keep_prob=0.990 total_count=132036 avg_ms=0.012729 logical_gbps=144.467 csv=reports/benchmark/v5_b2_n131072_t0_p0.99_skill_default.csv,
PASS,library_cub_device_select,2,1048576,0.01,0,0.0205466,716.179,1057310,0.014715,0.203,reports/benchmark/library_cub_device_select_b2_n1048576_t0_p0.01_skill_default.csv,,mode=library_cub_device_select batch_size=2 n=1048576 total=2097152 threshold=0 keep_prob=0.010 total_count=1057310 avg_ms=0.020547 logical_gbps=716.179 csv=reports/benchmark/library_cub_device_select_b2_n1048576_t0_p0.01_skill_default.csv,
PASS,v1,2,1048576,0.01,0,0.051967,283.16,1057310,0.014715,0.219,reports/benchmark/v1_b2_n1048576_t0_p0.01_skill_default.csv,,mode=v1 batch_size=2 n=1048576 total=2097152 threshold=0 keep_prob=0.010 total_count=1057310 avg_ms=0.051967 logical_gbps=283.160 csv=reports/benchmark/v1_b2_n1048576_t0_p0.01_skill_default.csv,
PASS,v2,2,1048576,0.01,0,0.0502387,292.902,1057310,0.014715,0.207,reports/benchmark/v2_b2_n1048576_t0_p0.01_skill_default.csv,,mode=v2 batch_size=2 n=1048576 total=2097152 threshold=0 keep_prob=0.010 total_count=1057310 avg_ms=0.050239 logical_gbps=292.902 csv=reports/benchmark/v2_b2_n1048576_t0_p0.01_skill_default.csv,
PASS,v3,2,1048576,0.01,0,0.0252128,583.632,1057310,0.014715,0.234,reports/benchmark/v3_b2_n1048576_t0_p0.01_skill_default.csv,,mode=v3 batch_size=2 n=1048576 total=2097152 threshold=0 keep_prob=0.010 total_count=1057310 avg_ms=0.025213 logical_gbps=583.632 csv=reports/benchmark/v3_b2_n1048576_t0_p0.01_skill_default.csv,
PASS,v4,2,1048576,0.01,0,0.0253011,581.595,1057310,0.014715,0.220,reports/benchmark/v4_b2_n1048576_t0_p0.01_skill_default.csv,,mode=v4 batch_size=2 n=1048576 total=2097152 threshold=0 keep_prob=0.010 total_count=1057310 avg_ms=0.025301 logical_gbps=581.595 csv=reports/benchmark/v4_b2_n1048576_t0_p0.01_skill_default.csv,
PASS,v5,2,1048576,0.01,0,0.0231693,635.109,1057310,0.014715,0.218,reports/benchmark/v5_b2_n1048576_t0_p0.01_skill_default.csv,,mode=v5 batch_size=2 n=1048576 total=2097152 threshold=0 keep_prob=0.010 total_count=1057310 avg_ms=0.023169 logical_gbps=635.109 csv=reports/benchmark/v5_b2_n1048576_t0_p0.01_skill_default.csv,
PASS,library_cub_device_select,2,1048576,0.1,0,0.0205747,715.198,1057310,0.014715,0.203,reports/benchmark/library_cub_device_select_b2_n1048576_t0_p0.1_skill_default.csv,,mode=library_cub_device_select batch_size=2 n=1048576 total=2097152 threshold=0 keep_prob=0.100 total_count=1057310 avg_ms=0.020575 logical_gbps=715.198 csv=reports/benchmark/library_cub_device_select_b2_n1048576_t0_p0.1_skill_default.csv,
PASS,v1,2,1048576,0.1,0,0.0519219,283.406,1057310,0.014715,0.217,reports/benchmark/v1_b2_n1048576_t0_p0.1_skill_default.csv,,mode=v1 batch_size=2 n=1048576 total=2097152 threshold=0 keep_prob=0.100 total_count=1057310 avg_ms=0.051922 logical_gbps=283.406 csv=reports/benchmark/v1_b2_n1048576_t0_p0.1_skill_default.csv,
PASS,v2,2,1048576,0.1,0,0.0503917,292.013,1057310,0.014715,0.208,reports/benchmark/v2_b2_n1048576_t0_p0.1_skill_default.csv,,mode=v2 batch_size=2 n=1048576 total=2097152 threshold=0 keep_prob=0.100 total_count=1057310 avg_ms=0.050392 logical_gbps=292.013 csv=reports/benchmark/v2_b2_n1048576_t0_p0.1_skill_default.csv,
PASS,v3,2,1048576,0.1,0,0.0252278,583.285,1057310,0.014715,0.198,reports/benchmark/v3_b2_n1048576_t0_p0.1_skill_default.csv,,mode=v3 batch_size=2 n=1048576 total=2097152 threshold=0 keep_prob=0.100 total_count=1057310 avg_ms=0.025228 logical_gbps=583.285 csv=reports/benchmark/v3_b2_n1048576_t0_p0.1_skill_default.csv,
PASS,v4,2,1048576,0.1,0,0.0252294,583.248,1057310,0.014715,0.216,reports/benchmark/v4_b2_n1048576_t0_p0.1_skill_default.csv,,mode=v4 batch_size=2 n=1048576 total=2097152 threshold=0 keep_prob=0.100 total_count=1057310 avg_ms=0.025229 logical_gbps=583.248 csv=reports/benchmark/v4_b2_n1048576_t0_p0.1_skill_default.csv,
PASS,v5,2,1048576,0.1,0,0.0232077,634.058,1057310,0.014715,0.200,reports/benchmark/v5_b2_n1048576_t0_p0.1_skill_default.csv,,mode=v5 batch_size=2 n=1048576 total=2097152 threshold=0 keep_prob=0.100 total_count=1057310 avg_ms=0.023208 logical_gbps=634.058 csv=reports/benchmark/v5_b2_n1048576_t0_p0.1_skill_default.csv,
PASS,library_cub_device_select,2,1048576,0.5,0,0.0205011,717.766,1057310,0.014715,0.203,reports/benchmark/library_cub_device_select_b2_n1048576_t0_p0.5_skill_default.csv,,mode=library_cub_device_select batch_size=2 n=1048576 total=2097152 threshold=0 keep_prob=0.500 total_count=1057310 avg_ms=0.020501 logical_gbps=717.766 csv=reports/benchmark/library_cub_device_select_b2_n1048576_t0_p0.5_skill_default.csv,
PASS,v1,2,1048576,0.5,0,0.0519626,283.185,1057310,0.014715,0.217,reports/benchmark/v1_b2_n1048576_t0_p0.5_skill_default.csv,,mode=v1 batch_size=2 n=1048576 total=2097152 threshold=0 keep_prob=0.500 total_count=1057310 avg_ms=0.051963 logical_gbps=283.185 csv=reports/benchmark/v1_b2_n1048576_t0_p0.5_skill_default.csv,
PASS,v2,2,1048576,0.5,0,0.050512,291.317,1057310,0.014715,0.220,reports/benchmark/v2_b2_n1048576_t0_p0.5_skill_default.csv,,mode=v2 batch_size=2 n=1048576 total=2097152 threshold=0 keep_prob=0.500 total_count=1057310 avg_ms=0.050512 logical_gbps=291.317 csv=reports/benchmark/v2_b2_n1048576_t0_p0.5_skill_default.csv,
PASS,v3,2,1048576,0.5,0,0.0251994,583.944,1057310,0.014715,0.202,reports/benchmark/v3_b2_n1048576_t0_p0.5_skill_default.csv,,mode=v3 batch_size=2 n=1048576 total=2097152 threshold=0 keep_prob=0.500 total_count=1057310 avg_ms=0.025199 logical_gbps=583.944 csv=reports/benchmark/v3_b2_n1048576_t0_p0.5_skill_default.csv,
PASS,v4,2,1048576,0.5,0,0.0252189,583.492,1057310,0.014715,0.218,reports/benchmark/v4_b2_n1048576_t0_p0.5_skill_default.csv,,mode=v4 batch_size=2 n=1048576 total=2097152 threshold=0 keep_prob=0.500 total_count=1057310 avg_ms=0.025219 logical_gbps=583.492 csv=reports/benchmark/v4_b2_n1048576_t0_p0.5_skill_default.csv,
PASS,v5,2,1048576,0.5,0,0.0231888,634.574,1057310,0.014715,0.200,reports/benchmark/v5_b2_n1048576_t0_p0.5_skill_default.csv,,mode=v5 batch_size=2 n=1048576 total=2097152 threshold=0 keep_prob=0.500 total_count=1057310 avg_ms=0.023189 logical_gbps=634.574 csv=reports/benchmark/v5_b2_n1048576_t0_p0.5_skill_default.csv,
PASS,library_cub_device_select,2,1048576,0.9,0,0.020535,716.58,1057310,0.014715,0.207,reports/benchmark/library_cub_device_select_b2_n1048576_t0_p0.9_skill_default.csv,,mode=library_cub_device_select batch_size=2 n=1048576 total=2097152 threshold=0 keep_prob=0.900 total_count=1057310 avg_ms=0.020535 logical_gbps=716.580 csv=reports/benchmark/library_cub_device_select_b2_n1048576_t0_p0.9_skill_default.csv,
PASS,v1,2,1048576,0.9,0,0.0519542,283.23,1057310,0.014715,0.216,reports/benchmark/v1_b2_n1048576_t0_p0.9_skill_default.csv,,mode=v1 batch_size=2 n=1048576 total=2097152 threshold=0 keep_prob=0.900 total_count=1057310 avg_ms=0.051954 logical_gbps=283.230 csv=reports/benchmark/v1_b2_n1048576_t0_p0.9_skill_default.csv,
PASS,v2,2,1048576,0.9,0,0.0504861,291.467,1057310,0.014715,0.208,reports/benchmark/v2_b2_n1048576_t0_p0.9_skill_default.csv,,mode=v2 batch_size=2 n=1048576 total=2097152 threshold=0 keep_prob=0.900 total_count=1057310 avg_ms=0.050486 logical_gbps=291.467 csv=reports/benchmark/v2_b2_n1048576_t0_p0.9_skill_default.csv,
PASS,v3,2,1048576,0.9,0,0.0252093,583.714,1057310,0.014715,0.209,reports/benchmark/v3_b2_n1048576_t0_p0.9_skill_default.csv,,mode=v3 batch_size=2 n=1048576 total=2097152 threshold=0 keep_prob=0.900 total_count=1057310 avg_ms=0.025209 logical_gbps=583.714 csv=reports/benchmark/v3_b2_n1048576_t0_p0.9_skill_default.csv,
PASS,v4,2,1048576,0.9,0,0.025264,582.45,1057310,0.014715,0.208,reports/benchmark/v4_b2_n1048576_t0_p0.9_skill_default.csv,,mode=v4 batch_size=2 n=1048576 total=2097152 threshold=0 keep_prob=0.900 total_count=1057310 avg_ms=0.025264 logical_gbps=582.450 csv=reports/benchmark/v4_b2_n1048576_t0_p0.9_skill_default.csv,
PASS,v5,2,1048576,0.9,0,0.0231923,634.478,1057310,0.014715,0.211,reports/benchmark/v5_b2_n1048576_t0_p0.9_skill_default.csv,,mode=v5 batch_size=2 n=1048576 total=2097152 threshold=0 keep_prob=0.900 total_count=1057310 avg_ms=0.023192 logical_gbps=634.478 csv=reports/benchmark/v5_b2_n1048576_t0_p0.9_skill_default.csv,
PASS,library_cub_device_select,2,1048576,0.99,0,0.0205734,715.243,1057310,0.014715,0.208,reports/benchmark/library_cub_device_select_b2_n1048576_t0_p0.99_skill_default.csv,,mode=library_cub_device_select batch_size=2 n=1048576 total=2097152 threshold=0 keep_prob=0.990 total_count=1057310 avg_ms=0.020573 logical_gbps=715.243 csv=reports/benchmark/library_cub_device_select_b2_n1048576_t0_p0.99_skill_default.csv,
PASS,v1,2,1048576,0.99,0,0.0519542,283.23,1057310,0.014715,0.213,reports/benchmark/v1_b2_n1048576_t0_p0.99_skill_default.csv,,mode=v1 batch_size=2 n=1048576 total=2097152 threshold=0 keep_prob=0.990 total_count=1057310 avg_ms=0.051954 logical_gbps=283.230 csv=reports/benchmark/v1_b2_n1048576_t0_p0.99_skill_default.csv,
PASS,v2,2,1048576,0.99,0,0.0505638,291.018,1057310,0.014715,0.218,reports/benchmark/v2_b2_n1048576_t0_p0.99_skill_default.csv,,mode=v2 batch_size=2 n=1048576 total=2097152 threshold=0 keep_prob=0.990 total_count=1057310 avg_ms=0.050564 logical_gbps=291.018 csv=reports/benchmark/v2_b2_n1048576_t0_p0.99_skill_default.csv,
PASS,v3,2,1048576,0.99,0,0.0252426,582.944,1057310,0.014715,0.203,reports/benchmark/v3_b2_n1048576_t0_p0.99_skill_default.csv,,mode=v3 batch_size=2 n=1048576 total=2097152 threshold=0 keep_prob=0.990 total_count=1057310 avg_ms=0.025243 logical_gbps=582.944 csv=reports/benchmark/v3_b2_n1048576_t0_p0.99_skill_default.csv,
PASS,v4,2,1048576,0.99,0,0.02524,583.004,1057310,0.014715,0.205,reports/benchmark/v4_b2_n1048576_t0_p0.99_skill_default.csv,,mode=v4 batch_size=2 n=1048576 total=2097152 threshold=0 keep_prob=0.990 total_count=1057310 avg_ms=0.025240 logical_gbps=583.004 csv=reports/benchmark/v4_b2_n1048576_t0_p0.99_skill_default.csv,
PASS,v5,2,1048576,0.99,0,0.0231744,634.968,1057310,0.014715,0.214,reports/benchmark/v5_b2_n1048576_t0_p0.99_skill_default.csv,,mode=v5 batch_size=2 n=1048576 total=2097152 threshold=0 keep_prob=0.990 total_count=1057310 avg_ms=0.023174 logical_gbps=634.968 csv=reports/benchmark/v5_b2_n1048576_t0_p0.99_skill_default.csv,
PASS,library_cub_device_select,8,1024,0.01,0,0.0491376,1.16872,4109,5.7428e-05,0.200,reports/benchmark/library_cub_device_select_b8_n1024_t0_p0.01_skill_default.csv,,mode=library_cub_device_select batch_size=8 n=1024 total=8192 threshold=0 keep_prob=0.010 total_count=4109 avg_ms=0.049138 logical_gbps=1.169 csv=reports/benchmark/library_cub_device_select_b8_n1024_t0_p0.01_skill_default.csv,
PASS,v1,8,1024,0.01,0,0.0088288,6.50462,4109,5.7428e-05,0.203,reports/benchmark/v1_b8_n1024_t0_p0.01_skill_default.csv,,mode=v1 batch_size=8 n=1024 total=8192 threshold=0 keep_prob=0.010 total_count=4109 avg_ms=0.008829 logical_gbps=6.505 csv=reports/benchmark/v1_b8_n1024_t0_p0.01_skill_default.csv,
PASS,v2,8,1024,0.01,0,0.00883328,6.50132,4109,5.7428e-05,0.195,reports/benchmark/v2_b8_n1024_t0_p0.01_skill_default.csv,,mode=v2 batch_size=8 n=1024 total=8192 threshold=0 keep_prob=0.010 total_count=4109 avg_ms=0.008833 logical_gbps=6.501 csv=reports/benchmark/v2_b8_n1024_t0_p0.01_skill_default.csv,
PASS,v3,8,1024,0.01,0,0.00881376,6.51572,4109,5.7428e-05,0.202,reports/benchmark/v3_b8_n1024_t0_p0.01_skill_default.csv,,mode=v3 batch_size=8 n=1024 total=8192 threshold=0 keep_prob=0.010 total_count=4109 avg_ms=0.008814 logical_gbps=6.516 csv=reports/benchmark/v3_b8_n1024_t0_p0.01_skill_default.csv,
PASS,v4,8,1024,0.01,0,0.00882368,6.5084,4109,5.7428e-05,0.199,reports/benchmark/v4_b8_n1024_t0_p0.01_skill_default.csv,,mode=v4 batch_size=8 n=1024 total=8192 threshold=0 keep_prob=0.010 total_count=4109 avg_ms=0.008824 logical_gbps=6.508 csv=reports/benchmark/v4_b8_n1024_t0_p0.01_skill_default.csv,
PASS,v5,8,1024,0.01,0,0.0088288,6.50462,4109,5.7428e-05,0.207,reports/benchmark/v5_b8_n1024_t0_p0.01_skill_default.csv,,mode=v5 batch_size=8 n=1024 total=8192 threshold=0 keep_prob=0.010 total_count=4109 avg_ms=0.008829 logical_gbps=6.505 csv=reports/benchmark/v5_b8_n1024_t0_p0.01_skill_default.csv,
PASS,library_cub_device_select,8,1024,0.1,0,0.049161,1.16816,4109,5.7428e-05,0.197,reports/benchmark/library_cub_device_select_b8_n1024_t0_p0.1_skill_default.csv,,mode=library_cub_device_select batch_size=8 n=1024 total=8192 threshold=0 keep_prob=0.100 total_count=4109 avg_ms=0.049161 logical_gbps=1.168 csv=reports/benchmark/library_cub_device_select_b8_n1024_t0_p0.1_skill_default.csv,
PASS,v1,8,1024,0.1,0,0.00886432,6.47856,4109,5.7428e-05,0.190,reports/benchmark/v1_b8_n1024_t0_p0.1_skill_default.csv,,mode=v1 batch_size=8 n=1024 total=8192 threshold=0 keep_prob=0.100 total_count=4109 avg_ms=0.008864 logical_gbps=6.479 csv=reports/benchmark/v1_b8_n1024_t0_p0.1_skill_default.csv,
PASS,v2,8,1024,0.1,0,0.00887744,6.46898,4109,5.7428e-05,0.206,reports/benchmark/v2_b8_n1024_t0_p0.1_skill_default.csv,,mode=v2 batch_size=8 n=1024 total=8192 threshold=0 keep_prob=0.100 total_count=4109 avg_ms=0.008877 logical_gbps=6.469 csv=reports/benchmark/v2_b8_n1024_t0_p0.1_skill_default.csv,
PASS,v3,8,1024,0.1,0,0.00884416,6.49332,4109,5.7428e-05,0.199,reports/benchmark/v3_b8_n1024_t0_p0.1_skill_default.csv,,mode=v3 batch_size=8 n=1024 total=8192 threshold=0 keep_prob=0.100 total_count=4109 avg_ms=0.008844 logical_gbps=6.493 csv=reports/benchmark/v3_b8_n1024_t0_p0.1_skill_default.csv,
PASS,v4,8,1024,0.1,0,0.00884192,6.49497,4109,5.7428e-05,0.187,reports/benchmark/v4_b8_n1024_t0_p0.1_skill_default.csv,,mode=v4 batch_size=8 n=1024 total=8192 threshold=0 keep_prob=0.100 total_count=4109 avg_ms=0.008842 logical_gbps=6.495 csv=reports/benchmark/v4_b8_n1024_t0_p0.1_skill_default.csv,
PASS,v5,8,1024,0.1,0,0.00881376,6.51572,4109,5.7428e-05,0.191,reports/benchmark/v5_b8_n1024_t0_p0.1_skill_default.csv,,mode=v5 batch_size=8 n=1024 total=8192 threshold=0 keep_prob=0.100 total_count=4109 avg_ms=0.008814 logical_gbps=6.516 csv=reports/benchmark/v5_b8_n1024_t0_p0.1_skill_default.csv,
PASS,library_cub_device_select,8,1024,0.5,0,0.0491696,1.16796,4109,5.7428e-05,0.206,reports/benchmark/library_cub_device_select_b8_n1024_t0_p0.5_skill_default.csv,,mode=library_cub_device_select batch_size=8 n=1024 total=8192 threshold=0 keep_prob=0.500 total_count=4109 avg_ms=0.049170 logical_gbps=1.168 csv=reports/benchmark/library_cub_device_select_b8_n1024_t0_p0.5_skill_default.csv,
PASS,v1,8,1024,0.5,0,0.00886336,6.47926,4109,5.7428e-05,0.194,reports/benchmark/v1_b8_n1024_t0_p0.5_skill_default.csv,,mode=v1 batch_size=8 n=1024 total=8192 threshold=0 keep_prob=0.500 total_count=4109 avg_ms=0.008863 logical_gbps=6.479 csv=reports/benchmark/v1_b8_n1024_t0_p0.5_skill_default.csv,
PASS,v2,8,1024,0.5,0,0.00883648,6.49897,4109,5.7428e-05,0.200,reports/benchmark/v2_b8_n1024_t0_p0.5_skill_default.csv,,mode=v2 batch_size=8 n=1024 total=8192 threshold=0 keep_prob=0.500 total_count=4109 avg_ms=0.008836 logical_gbps=6.499 csv=reports/benchmark/v2_b8_n1024_t0_p0.5_skill_default.csv,
PASS,v3,8,1024,0.5,0,0.00884256,6.4945,4109,5.7428e-05,0.190,reports/benchmark/v3_b8_n1024_t0_p0.5_skill_default.csv,,mode=v3 batch_size=8 n=1024 total=8192 threshold=0 keep_prob=0.500 total_count=4109 avg_ms=0.008843 logical_gbps=6.494 csv=reports/benchmark/v3_b8_n1024_t0_p0.5_skill_default.csv,
PASS,v4,8,1024,0.5,0,0.00883456,6.50038,4109,5.7428e-05,0.190,reports/benchmark/v4_b8_n1024_t0_p0.5_skill_default.csv,,mode=v4 batch_size=8 n=1024 total=8192 threshold=0 keep_prob=0.500 total_count=4109 avg_ms=0.008835 logical_gbps=6.500 csv=reports/benchmark/v4_b8_n1024_t0_p0.5_skill_default.csv,
PASS,v5,8,1024,0.5,0,0.00882304,6.50887,4109,5.7428e-05,0.187,reports/benchmark/v5_b8_n1024_t0_p0.5_skill_default.csv,,mode=v5 batch_size=8 n=1024 total=8192 threshold=0 keep_prob=0.500 total_count=4109 avg_ms=0.008823 logical_gbps=6.509 csv=reports/benchmark/v5_b8_n1024_t0_p0.5_skill_default.csv,
PASS,library_cub_device_select,8,1024,0.9,0,0.0492131,1.16692,4109,5.7428e-05,0.203,reports/benchmark/library_cub_device_select_b8_n1024_t0_p0.9_skill_default.csv,,mode=library_cub_device_select batch_size=8 n=1024 total=8192 threshold=0 keep_prob=0.900 total_count=4109 avg_ms=0.049213 logical_gbps=1.167 csv=reports/benchmark/library_cub_device_select_b8_n1024_t0_p0.9_skill_default.csv,
PASS,v1,8,1024,0.9,0,0.00884768,6.49074,4109,5.7428e-05,0.196,reports/benchmark/v1_b8_n1024_t0_p0.9_skill_default.csv,,mode=v1 batch_size=8 n=1024 total=8192 threshold=0 keep_prob=0.900 total_count=4109 avg_ms=0.008848 logical_gbps=6.491 csv=reports/benchmark/v1_b8_n1024_t0_p0.9_skill_default.csv,
PASS,v2,8,1024,0.9,0,0.00889152,6.45874,4109,5.7428e-05,0.202,reports/benchmark/v2_b8_n1024_t0_p0.9_skill_default.csv,,mode=v2 batch_size=8 n=1024 total=8192 threshold=0 keep_prob=0.900 total_count=4109 avg_ms=0.008892 logical_gbps=6.459 csv=reports/benchmark/v2_b8_n1024_t0_p0.9_skill_default.csv,
PASS,v3,8,1024,0.9,0,0.00888672,6.46223,4109,5.7428e-05,0.187,reports/benchmark/v3_b8_n1024_t0_p0.9_skill_default.csv,,mode=v3 batch_size=8 n=1024 total=8192 threshold=0 keep_prob=0.900 total_count=4109 avg_ms=0.008887 logical_gbps=6.462 csv=reports/benchmark/v3_b8_n1024_t0_p0.9_skill_default.csv,
PASS,v4,8,1024,0.9,0,0.00882848,6.50486,4109,5.7428e-05,0.214,reports/benchmark/v4_b8_n1024_t0_p0.9_skill_default.csv,,mode=v4 batch_size=8 n=1024 total=8192 threshold=0 keep_prob=0.900 total_count=4109 avg_ms=0.008828 logical_gbps=6.505 csv=reports/benchmark/v4_b8_n1024_t0_p0.9_skill_default.csv,
PASS,v5,8,1024,0.9,0,0.00889952,6.45293,4109,5.7428e-05,0.201,reports/benchmark/v5_b8_n1024_t0_p0.9_skill_default.csv,,mode=v5 batch_size=8 n=1024 total=8192 threshold=0 keep_prob=0.900 total_count=4109 avg_ms=0.008900 logical_gbps=6.453 csv=reports/benchmark/v5_b8_n1024_t0_p0.9_skill_default.csv,
PASS,library_cub_device_select,8,1024,0.99,0,0.0491568,1.16826,4109,5.7428e-05,0.189,reports/benchmark/library_cub_device_select_b8_n1024_t0_p0.99_skill_default.csv,,mode=library_cub_device_select batch_size=8 n=1024 total=8192 threshold=0 keep_prob=0.990 total_count=4109 avg_ms=0.049157 logical_gbps=1.168 csv=reports/benchmark/library_cub_device_select_b8_n1024_t0_p0.99_skill_default.csv,
PASS,v1,8,1024,0.99,0,0.00884992,6.4891,4109,5.7428e-05,0.195,reports/benchmark/v1_b8_n1024_t0_p0.99_skill_default.csv,,mode=v1 batch_size=8 n=1024 total=8192 threshold=0 keep_prob=0.990 total_count=4109 avg_ms=0.008850 logical_gbps=6.489 csv=reports/benchmark/v1_b8_n1024_t0_p0.99_skill_default.csv,
PASS,v2,8,1024,0.99,0,0.0088624,6.47996,4109,5.7428e-05,0.191,reports/benchmark/v2_b8_n1024_t0_p0.99_skill_default.csv,,mode=v2 batch_size=8 n=1024 total=8192 threshold=0 keep_prob=0.990 total_count=4109 avg_ms=0.008862 logical_gbps=6.480 csv=reports/benchmark/v2_b8_n1024_t0_p0.99_skill_default.csv,
PASS,v3,8,1024,0.99,0,0.00883872,6.49732,4109,5.7428e-05,0.193,reports/benchmark/v3_b8_n1024_t0_p0.99_skill_default.csv,,mode=v3 batch_size=8 n=1024 total=8192 threshold=0 keep_prob=0.990 total_count=4109 avg_ms=0.008839 logical_gbps=6.497 csv=reports/benchmark/v3_b8_n1024_t0_p0.99_skill_default.csv,
PASS,v4,8,1024,0.99,0,0.00883072,6.50321,4109,5.7428e-05,0.183,reports/benchmark/v4_b8_n1024_t0_p0.99_skill_default.csv,,mode=v4 batch_size=8 n=1024 total=8192 threshold=0 keep_prob=0.990 total_count=4109 avg_ms=0.008831 logical_gbps=6.503 csv=reports/benchmark/v4_b8_n1024_t0_p0.99_skill_default.csv,
PASS,v5,8,1024,0.99,0,0.0088688,6.47528,4109,5.7428e-05,0.217,reports/benchmark/v5_b8_n1024_t0_p0.99_skill_default.csv,,mode=v5 batch_size=8 n=1024 total=8192 threshold=0 keep_prob=0.990 total_count=4109 avg_ms=0.008869 logical_gbps=6.475 csv=reports/benchmark/v5_b8_n1024_t0_p0.99_skill_default.csv,
PASS,library_cub_device_select,8,8192,0.01,0,0.0493258,9.32997,33124,0.000460208,0.224,reports/benchmark/library_cub_device_select_b8_n8192_t0_p0.01_skill_default.csv,,mode=library_cub_device_select batch_size=8 n=8192 total=65536 threshold=0 keep_prob=0.010 total_count=33124 avg_ms=0.049326 logical_gbps=9.330 csv=reports/benchmark/library_cub_device_select_b8_n8192_t0_p0.01_skill_default.csv,
PASS,v1,8,8192,0.01,0,0.00902816,50.9747,33124,0.000460208,0.195,reports/benchmark/v1_b8_n8192_t0_p0.01_skill_default.csv,,mode=v1 batch_size=8 n=8192 total=65536 threshold=0 keep_prob=0.010 total_count=33124 avg_ms=0.009028 logical_gbps=50.975 csv=reports/benchmark/v1_b8_n8192_t0_p0.01_skill_default.csv,
PASS,v2,8,8192,0.01,0,0.0089376,51.4912,33124,0.000460208,0.200,reports/benchmark/v2_b8_n8192_t0_p0.01_skill_default.csv,,mode=v2 batch_size=8 n=8192 total=65536 threshold=0 keep_prob=0.010 total_count=33124 avg_ms=0.008938 logical_gbps=51.491 csv=reports/benchmark/v2_b8_n8192_t0_p0.01_skill_default.csv,
PASS,v3,8,8192,0.01,0,0.0089024,51.6948,33124,0.000460208,0.219,reports/benchmark/v3_b8_n8192_t0_p0.01_skill_default.csv,,mode=v3 batch_size=8 n=8192 total=65536 threshold=0 keep_prob=0.010 total_count=33124 avg_ms=0.008902 logical_gbps=51.695 csv=reports/benchmark/v3_b8_n8192_t0_p0.01_skill_default.csv,
PASS,v4,8,8192,0.01,0,0.00884576,52.0258,33124,0.000460208,0.200,reports/benchmark/v4_b8_n8192_t0_p0.01_skill_default.csv,,mode=v4 batch_size=8 n=8192 total=65536 threshold=0 keep_prob=0.010 total_count=33124 avg_ms=0.008846 logical_gbps=52.026 csv=reports/benchmark/v4_b8_n8192_t0_p0.01_skill_default.csv,
PASS,v5,8,8192,0.01,0,0.01124,40.9438,33124,0.000460208,0.178,reports/benchmark/v5_b8_n8192_t0_p0.01_skill_default.csv,,mode=v5 batch_size=8 n=8192 total=65536 threshold=0 keep_prob=0.010 total_count=33124 avg_ms=0.011240 logical_gbps=40.944 csv=reports/benchmark/v5_b8_n8192_t0_p0.01_skill_default.csv,
PASS,library_cub_device_select,8,8192,0.1,0,0.0492758,9.33942,33124,0.000460208,0.202,reports/benchmark/library_cub_device_select_b8_n8192_t0_p0.1_skill_default.csv,,mode=library_cub_device_select batch_size=8 n=8192 total=65536 threshold=0 keep_prob=0.100 total_count=33124 avg_ms=0.049276 logical_gbps=9.339 csv=reports/benchmark/library_cub_device_select_b8_n8192_t0_p0.1_skill_default.csv,
PASS,v1,8,8192,0.1,0,0.00895136,51.4121,33124,0.000460208,0.185,reports/benchmark/v1_b8_n8192_t0_p0.1_skill_default.csv,,mode=v1 batch_size=8 n=8192 total=65536 threshold=0 keep_prob=0.100 total_count=33124 avg_ms=0.008951 logical_gbps=51.412 csv=reports/benchmark/v1_b8_n8192_t0_p0.1_skill_default.csv,
PASS,v2,8,8192,0.1,0,0.00885632,51.9638,33124,0.000460208,0.194,reports/benchmark/v2_b8_n8192_t0_p0.1_skill_default.csv,,mode=v2 batch_size=8 n=8192 total=65536 threshold=0 keep_prob=0.100 total_count=33124 avg_ms=0.008856 logical_gbps=51.964 csv=reports/benchmark/v2_b8_n8192_t0_p0.1_skill_default.csv,
PASS,v3,8,8192,0.1,0,0.00895424,51.3955,33124,0.000460208,0.200,reports/benchmark/v3_b8_n8192_t0_p0.1_skill_default.csv,,mode=v3 batch_size=8 n=8192 total=65536 threshold=0 keep_prob=0.100 total_count=33124 avg_ms=0.008954 logical_gbps=51.396 csv=reports/benchmark/v3_b8_n8192_t0_p0.1_skill_default.csv,
PASS,v4,8,8192,0.1,0,0.00891712,51.6095,33124,0.000460208,0.188,reports/benchmark/v4_b8_n8192_t0_p0.1_skill_default.csv,,mode=v4 batch_size=8 n=8192 total=65536 threshold=0 keep_prob=0.100 total_count=33124 avg_ms=0.008917 logical_gbps=51.609 csv=reports/benchmark/v4_b8_n8192_t0_p0.1_skill_default.csv,
PASS,v5,8,8192,0.1,0,0.0109885,41.881,33124,0.000460208,0.188,reports/benchmark/v5_b8_n8192_t0_p0.1_skill_default.csv,,mode=v5 batch_size=8 n=8192 total=65536 threshold=0 keep_prob=0.100 total_count=33124 avg_ms=0.010988 logical_gbps=41.881 csv=reports/benchmark/v5_b8_n8192_t0_p0.1_skill_default.csv,
PASS,library_cub_device_select,8,8192,0.5,0,0.0492426,9.34574,33124,0.000460208,0.191,reports/benchmark/library_cub_device_select_b8_n8192_t0_p0.5_skill_default.csv,,mode=library_cub_device_select batch_size=8 n=8192 total=65536 threshold=0 keep_prob=0.500 total_count=33124 avg_ms=0.049243 logical_gbps=9.346 csv=reports/benchmark/library_cub_device_select_b8_n8192_t0_p0.5_skill_default.csv,
PASS,v1,8,8192,0.5,0,0.00899872,51.1415,33124,0.000460208,0.193,reports/benchmark/v1_b8_n8192_t0_p0.5_skill_default.csv,,mode=v1 batch_size=8 n=8192 total=65536 threshold=0 keep_prob=0.500 total_count=33124 avg_ms=0.008999 logical_gbps=51.141 csv=reports/benchmark/v1_b8_n8192_t0_p0.5_skill_default.csv,
PASS,v2,8,8192,0.5,0,0.00879712,52.3135,33124,0.000460208,0.200,reports/benchmark/v2_b8_n8192_t0_p0.5_skill_default.csv,,mode=v2 batch_size=8 n=8192 total=65536 threshold=0 keep_prob=0.500 total_count=33124 avg_ms=0.008797 logical_gbps=52.313 csv=reports/benchmark/v2_b8_n8192_t0_p0.5_skill_default.csv,
PASS,v3,8,8192,0.5,0,0.00896096,51.357,33124,0.000460208,0.192,reports/benchmark/v3_b8_n8192_t0_p0.5_skill_default.csv,,mode=v3 batch_size=8 n=8192 total=65536 threshold=0 keep_prob=0.500 total_count=33124 avg_ms=0.008961 logical_gbps=51.357 csv=reports/benchmark/v3_b8_n8192_t0_p0.5_skill_default.csv,
PASS,v4,8,8192,0.5,0,0.00881408,52.2128,33124,0.000460208,0.188,reports/benchmark/v4_b8_n8192_t0_p0.5_skill_default.csv,,mode=v4 batch_size=8 n=8192 total=65536 threshold=0 keep_prob=0.500 total_count=33124 avg_ms=0.008814 logical_gbps=52.213 csv=reports/benchmark/v4_b8_n8192_t0_p0.5_skill_default.csv,
PASS,v5,8,8192,0.5,0,0.0111568,41.2491,33124,0.000460208,0.185,reports/benchmark/v5_b8_n8192_t0_p0.5_skill_default.csv,,mode=v5 batch_size=8 n=8192 total=65536 threshold=0 keep_prob=0.500 total_count=33124 avg_ms=0.011157 logical_gbps=41.249 csv=reports/benchmark/v5_b8_n8192_t0_p0.5_skill_default.csv,
PASS,library_cub_device_select,8,8192,0.9,0,0.0492998,9.33488,33124,0.000460208,0.195,reports/benchmark/library_cub_device_select_b8_n8192_t0_p0.9_skill_default.csv,,mode=library_cub_device_select batch_size=8 n=8192 total=65536 threshold=0 keep_prob=0.900 total_count=33124 avg_ms=0.049300 logical_gbps=9.335 csv=reports/benchmark/library_cub_device_select_b8_n8192_t0_p0.9_skill_default.csv,
PASS,v1,8,8192,0.9,0,0.00895104,51.4139,33124,0.000460208,0.200,reports/benchmark/v1_b8_n8192_t0_p0.9_skill_default.csv,,mode=v1 batch_size=8 n=8192 total=65536 threshold=0 keep_prob=0.900 total_count=33124 avg_ms=0.008951 logical_gbps=51.414 csv=reports/benchmark/v1_b8_n8192_t0_p0.9_skill_default.csv,
PASS,v2,8,8192,0.9,0,0.00886944,51.8869,33124,0.000460208,0.184,reports/benchmark/v2_b8_n8192_t0_p0.9_skill_default.csv,,mode=v2 batch_size=8 n=8192 total=65536 threshold=0 keep_prob=0.900 total_count=33124 avg_ms=0.008869 logical_gbps=51.887 csv=reports/benchmark/v2_b8_n8192_t0_p0.9_skill_default.csv,
PASS,v3,8,8192,0.9,0,0.0088704,51.8813,33124,0.000460208,0.181,reports/benchmark/v3_b8_n8192_t0_p0.9_skill_default.csv,,mode=v3 batch_size=8 n=8192 total=65536 threshold=0 keep_prob=0.900 total_count=33124 avg_ms=0.008870 logical_gbps=51.881 csv=reports/benchmark/v3_b8_n8192_t0_p0.9_skill_default.csv,
PASS,v4,8,8192,0.9,0,0.00879936,52.3002,33124,0.000460208,0.184,reports/benchmark/v4_b8_n8192_t0_p0.9_skill_default.csv,,mode=v4 batch_size=8 n=8192 total=65536 threshold=0 keep_prob=0.900 total_count=33124 avg_ms=0.008799 logical_gbps=52.300 csv=reports/benchmark/v4_b8_n8192_t0_p0.9_skill_default.csv,
PASS,v5,8,8192,0.9,0,0.0111302,41.3475,33124,0.000460208,0.177,reports/benchmark/v5_b8_n8192_t0_p0.9_skill_default.csv,,mode=v5 batch_size=8 n=8192 total=65536 threshold=0 keep_prob=0.900 total_count=33124 avg_ms=0.011130 logical_gbps=41.348 csv=reports/benchmark/v5_b8_n8192_t0_p0.9_skill_default.csv,
PASS,library_cub_device_select,8,8192,0.99,0,0.0491389,9.36546,33124,0.000460208,0.183,reports/benchmark/library_cub_device_select_b8_n8192_t0_p0.99_skill_default.csv,,mode=library_cub_device_select batch_size=8 n=8192 total=65536 threshold=0 keep_prob=0.990 total_count=33124 avg_ms=0.049139 logical_gbps=9.365 csv=reports/benchmark/library_cub_device_select_b8_n8192_t0_p0.99_skill_default.csv,
PASS,v1,8,8192,0.99,0,0.00906944,50.7427,33124,0.000460208,0.192,reports/benchmark/v1_b8_n8192_t0_p0.99_skill_default.csv,,mode=v1 batch_size=8 n=8192 total=65536 threshold=0 keep_prob=0.990 total_count=33124 avg_ms=0.009069 logical_gbps=50.743 csv=reports/benchmark/v1_b8_n8192_t0_p0.99_skill_default.csv,
PASS,v2,8,8192,0.99,0,0.0088592,51.9469,33124,0.000460208,0.196,reports/benchmark/v2_b8_n8192_t0_p0.99_skill_default.csv,,mode=v2 batch_size=8 n=8192 total=65536 threshold=0 keep_prob=0.990 total_count=33124 avg_ms=0.008859 logical_gbps=51.947 csv=reports/benchmark/v2_b8_n8192_t0_p0.99_skill_default.csv,
PASS,v3,8,8192,0.99,0,0.00891136,51.6428,33124,0.000460208,0.224,reports/benchmark/v3_b8_n8192_t0_p0.99_skill_default.csv,,mode=v3 batch_size=8 n=8192 total=65536 threshold=0 keep_prob=0.990 total_count=33124 avg_ms=0.008911 logical_gbps=51.643 csv=reports/benchmark/v3_b8_n8192_t0_p0.99_skill_default.csv,
PASS,v4,8,8192,0.99,0,0.00885344,51.9807,33124,0.000460208,0.199,reports/benchmark/v4_b8_n8192_t0_p0.99_skill_default.csv,,mode=v4 batch_size=8 n=8192 total=65536 threshold=0 keep_prob=0.990 total_count=33124 avg_ms=0.008853 logical_gbps=51.981 csv=reports/benchmark/v4_b8_n8192_t0_p0.99_skill_default.csv,
PASS,v5,8,8192,0.99,0,0.0111146,41.4059,33124,0.000460208,0.198,reports/benchmark/v5_b8_n8192_t0_p0.99_skill_default.csv,,mode=v5 batch_size=8 n=8192 total=65536 threshold=0 keep_prob=0.990 total_count=33124 avg_ms=0.011115 logical_gbps=41.406 csv=reports/benchmark/v5_b8_n8192_t0_p0.99_skill_default.csv,
PASS,library_cub_device_select,8,131072,0.01,0,0.0492339,149.453,528812,0.00735816,0.192,reports/benchmark/library_cub_device_select_b8_n131072_t0_p0.01_skill_default.csv,,mode=library_cub_device_select batch_size=8 n=131072 total=1048576 threshold=0 keep_prob=0.010 total_count=528812 avg_ms=0.049234 logical_gbps=149.453 csv=reports/benchmark/library_cub_device_select_b8_n131072_t0_p0.01_skill_default.csv,
PASS,v1,8,131072,0.01,0,0.0300621,244.766,528812,0.00735816,0.201,reports/benchmark/v1_b8_n131072_t0_p0.01_skill_default.csv,,mode=v1 batch_size=8 n=131072 total=1048576 threshold=0 keep_prob=0.010 total_count=528812 avg_ms=0.030062 logical_gbps=244.766 csv=reports/benchmark/v1_b8_n131072_t0_p0.01_skill_default.csv,
PASS,v2,8,131072,0.01,0,0.0293446,250.75,528812,0.00735816,0.198,reports/benchmark/v2_b8_n131072_t0_p0.01_skill_default.csv,,mode=v2 batch_size=8 n=131072 total=1048576 threshold=0 keep_prob=0.010 total_count=528812 avg_ms=0.029345 logical_gbps=250.750 csv=reports/benchmark/v2_b8_n131072_t0_p0.01_skill_default.csv,
PASS,v3,8,131072,0.01,0,0.019089,385.467,528812,0.00735816,0.211,reports/benchmark/v3_b8_n131072_t0_p0.01_skill_default.csv,,mode=v3 batch_size=8 n=131072 total=1048576 threshold=0 keep_prob=0.010 total_count=528812 avg_ms=0.019089 logical_gbps=385.467 csv=reports/benchmark/v3_b8_n131072_t0_p0.01_skill_default.csv,
PASS,v4,8,131072,0.01,0,0.0190794,385.661,528812,0.00735816,0.199,reports/benchmark/v4_b8_n131072_t0_p0.01_skill_default.csv,,mode=v4 batch_size=8 n=131072 total=1048576 threshold=0 keep_prob=0.010 total_count=528812 avg_ms=0.019079 logical_gbps=385.661 csv=reports/benchmark/v4_b8_n131072_t0_p0.01_skill_default.csv,
PASS,v5,8,131072,0.01,0,0.0203194,362.126,528812,0.00735816,0.208,reports/benchmark/v5_b8_n131072_t0_p0.01_skill_default.csv,,mode=v5 batch_size=8 n=131072 total=1048576 threshold=0 keep_prob=0.010 total_count=528812 avg_ms=0.020319 logical_gbps=362.126 csv=reports/benchmark/v5_b8_n131072_t0_p0.01_skill_default.csv,
PASS,library_cub_device_select,8,131072,0.1,0,0.0492253,149.479,528812,0.00735816,0.200,reports/benchmark/library_cub_device_select_b8_n131072_t0_p0.1_skill_default.csv,,mode=library_cub_device_select batch_size=8 n=131072 total=1048576 threshold=0 keep_prob=0.100 total_count=528812 avg_ms=0.049225 logical_gbps=149.479 csv=reports/benchmark/library_cub_device_select_b8_n131072_t0_p0.1_skill_default.csv,
PASS,v1,8,131072,0.1,0,0.0300227,245.086,528812,0.00735816,0.227,reports/benchmark/v1_b8_n131072_t0_p0.1_skill_default.csv,,mode=v1 batch_size=8 n=131072 total=1048576 threshold=0 keep_prob=0.100 total_count=528812 avg_ms=0.030023 logical_gbps=245.086 csv=reports/benchmark/v1_b8_n131072_t0_p0.1_skill_default.csv,
PASS,v2,8,131072,0.1,0,0.0293098,251.048,528812,0.00735816,0.206,reports/benchmark/v2_b8_n131072_t0_p0.1_skill_default.csv,,mode=v2 batch_size=8 n=131072 total=1048576 threshold=0 keep_prob=0.100 total_count=528812 avg_ms=0.029310 logical_gbps=251.048 csv=reports/benchmark/v2_b8_n131072_t0_p0.1_skill_default.csv,
PASS,v3,8,131072,0.1,0,0.0191248,384.744,528812,0.00735816,0.218,reports/benchmark/v3_b8_n131072_t0_p0.1_skill_default.csv,,mode=v3 batch_size=8 n=131072 total=1048576 threshold=0 keep_prob=0.100 total_count=528812 avg_ms=0.019125 logical_gbps=384.744 csv=reports/benchmark/v3_b8_n131072_t0_p0.1_skill_default.csv,
PASS,v4,8,131072,0.1,0,0.0190973,385.299,528812,0.00735816,0.200,reports/benchmark/v4_b8_n131072_t0_p0.1_skill_default.csv,,mode=v4 batch_size=8 n=131072 total=1048576 threshold=0 keep_prob=0.100 total_count=528812 avg_ms=0.019097 logical_gbps=385.299 csv=reports/benchmark/v4_b8_n131072_t0_p0.1_skill_default.csv,
PASS,v5,8,131072,0.1,0,0.0202221,363.868,528812,0.00735816,0.204,reports/benchmark/v5_b8_n131072_t0_p0.1_skill_default.csv,,mode=v5 batch_size=8 n=131072 total=1048576 threshold=0 keep_prob=0.100 total_count=528812 avg_ms=0.020222 logical_gbps=363.868 csv=reports/benchmark/v5_b8_n131072_t0_p0.1_skill_default.csv,
PASS,library_cub_device_select,8,131072,0.5,0,0.0492794,149.315,528812,0.00735816,0.199,reports/benchmark/library_cub_device_select_b8_n131072_t0_p0.5_skill_default.csv,,mode=library_cub_device_select batch_size=8 n=131072 total=1048576 threshold=0 keep_prob=0.500 total_count=528812 avg_ms=0.049279 logical_gbps=149.315 csv=reports/benchmark/library_cub_device_select_b8_n131072_t0_p0.5_skill_default.csv,
PASS,v1,8,131072,0.5,0,0.030136,244.165,528812,0.00735816,0.197,reports/benchmark/v1_b8_n131072_t0_p0.5_skill_default.csv,,mode=v1 batch_size=8 n=131072 total=1048576 threshold=0 keep_prob=0.500 total_count=528812 avg_ms=0.030136 logical_gbps=244.165 csv=reports/benchmark/v1_b8_n131072_t0_p0.5_skill_default.csv,
PASS,v2,8,131072,0.5,0,0.0293542,250.668,528812,0.00735816,0.206,reports/benchmark/v2_b8_n131072_t0_p0.5_skill_default.csv,,mode=v2 batch_size=8 n=131072 total=1048576 threshold=0 keep_prob=0.500 total_count=528812 avg_ms=0.029354 logical_gbps=250.668 csv=reports/benchmark/v2_b8_n131072_t0_p0.5_skill_default.csv,
PASS,v3,8,131072,0.5,0,0.0190883,385.48,528812,0.00735816,0.199,reports/benchmark/v3_b8_n131072_t0_p0.5_skill_default.csv,,mode=v3 batch_size=8 n=131072 total=1048576 threshold=0 keep_prob=0.500 total_count=528812 avg_ms=0.019088 logical_gbps=385.480 csv=reports/benchmark/v3_b8_n131072_t0_p0.5_skill_default.csv,
PASS,v4,8,131072,0.5,0,0.0190947,385.35,528812,0.00735816,0.196,reports/benchmark/v4_b8_n131072_t0_p0.5_skill_default.csv,,mode=v4 batch_size=8 n=131072 total=1048576 threshold=0 keep_prob=0.500 total_count=528812 avg_ms=0.019095 logical_gbps=385.350 csv=reports/benchmark/v4_b8_n131072_t0_p0.5_skill_default.csv,
PASS,v5,8,131072,0.5,0,0.0201229,365.661,528812,0.00735816,0.199,reports/benchmark/v5_b8_n131072_t0_p0.5_skill_default.csv,,mode=v5 batch_size=8 n=131072 total=1048576 threshold=0 keep_prob=0.500 total_count=528812 avg_ms=0.020123 logical_gbps=365.661 csv=reports/benchmark/v5_b8_n131072_t0_p0.5_skill_default.csv,
PASS,library_cub_device_select,8,131072,0.9,0,0.0492979,149.259,528812,0.00735816,0.200,reports/benchmark/library_cub_device_select_b8_n131072_t0_p0.9_skill_default.csv,,mode=library_cub_device_select batch_size=8 n=131072 total=1048576 threshold=0 keep_prob=0.900 total_count=528812 avg_ms=0.049298 logical_gbps=149.259 csv=reports/benchmark/library_cub_device_select_b8_n131072_t0_p0.9_skill_default.csv,
PASS,v1,8,131072,0.9,0,0.0301398,244.134,528812,0.00735816,0.220,reports/benchmark/v1_b8_n131072_t0_p0.9_skill_default.csv,,mode=v1 batch_size=8 n=131072 total=1048576 threshold=0 keep_prob=0.900 total_count=528812 avg_ms=0.030140 logical_gbps=244.134 csv=reports/benchmark/v1_b8_n131072_t0_p0.9_skill_default.csv,
PASS,v2,8,131072,0.9,0,0.0293773,250.471,528812,0.00735816,0.202,reports/benchmark/v2_b8_n131072_t0_p0.9_skill_default.csv,,mode=v2 batch_size=8 n=131072 total=1048576 threshold=0 keep_prob=0.900 total_count=528812 avg_ms=0.029377 logical_gbps=250.471 csv=reports/benchmark/v2_b8_n131072_t0_p0.9_skill_default.csv,
PASS,v3,8,131072,0.9,0,0.019089,385.467,528812,0.00735816,0.204,reports/benchmark/v3_b8_n131072_t0_p0.9_skill_default.csv,,mode=v3 batch_size=8 n=131072 total=1048576 threshold=0 keep_prob=0.900 total_count=528812 avg_ms=0.019089 logical_gbps=385.467 csv=reports/benchmark/v3_b8_n131072_t0_p0.9_skill_default.csv,
PASS,v4,8,131072,0.9,0,0.0190694,385.861,528812,0.00735816,0.194,reports/benchmark/v4_b8_n131072_t0_p0.9_skill_default.csv,,mode=v4 batch_size=8 n=131072 total=1048576 threshold=0 keep_prob=0.900 total_count=528812 avg_ms=0.019069 logical_gbps=385.861 csv=reports/benchmark/v4_b8_n131072_t0_p0.9_skill_default.csv,
PASS,v5,8,131072,0.9,0,0.0202534,363.304,528812,0.00735816,0.220,reports/benchmark/v5_b8_n131072_t0_p0.9_skill_default.csv,,mode=v5 batch_size=8 n=131072 total=1048576 threshold=0 keep_prob=0.900 total_count=528812 avg_ms=0.020253 logical_gbps=363.304 csv=reports/benchmark/v5_b8_n131072_t0_p0.9_skill_default.csv,
PASS,library_cub_device_select,8,131072,0.99,0,0.0491997,149.557,528812,0.00735816,0.199,reports/benchmark/library_cub_device_select_b8_n131072_t0_p0.99_skill_default.csv,,mode=library_cub_device_select batch_size=8 n=131072 total=1048576 threshold=0 keep_prob=0.990 total_count=528812 avg_ms=0.049200 logical_gbps=149.557 csv=reports/benchmark/library_cub_device_select_b8_n131072_t0_p0.99_skill_default.csv,
PASS,v1,8,131072,0.99,0,0.0302208,243.48,528812,0.00735816,0.189,reports/benchmark/v1_b8_n131072_t0_p0.99_skill_default.csv,,mode=v1 batch_size=8 n=131072 total=1048576 threshold=0 keep_prob=0.990 total_count=528812 avg_ms=0.030221 logical_gbps=243.480 csv=reports/benchmark/v1_b8_n131072_t0_p0.99_skill_default.csv,
PASS,v2,8,131072,0.99,0,0.02932,250.96,528812,0.00735816,0.212,reports/benchmark/v2_b8_n131072_t0_p0.99_skill_default.csv,,mode=v2 batch_size=8 n=131072 total=1048576 threshold=0 keep_prob=0.990 total_count=528812 avg_ms=0.029320 logical_gbps=250.960 csv=reports/benchmark/v2_b8_n131072_t0_p0.99_skill_default.csv,
PASS,v3,8,131072,0.99,0,0.0190909,385.428,528812,0.00735816,0.200,reports/benchmark/v3_b8_n131072_t0_p0.99_skill_default.csv,,mode=v3 batch_size=8 n=131072 total=1048576 threshold=0 keep_prob=0.990 total_count=528812 avg_ms=0.019091 logical_gbps=385.428 csv=reports/benchmark/v3_b8_n131072_t0_p0.99_skill_default.csv,
PASS,v4,8,131072,0.99,0,0.0190826,385.596,528812,0.00735816,0.200,reports/benchmark/v4_b8_n131072_t0_p0.99_skill_default.csv,,mode=v4 batch_size=8 n=131072 total=1048576 threshold=0 keep_prob=0.990 total_count=528812 avg_ms=0.019083 logical_gbps=385.596 csv=reports/benchmark/v4_b8_n131072_t0_p0.99_skill_default.csv,
PASS,v5,8,131072,0.99,0,0.0200861,366.331,528812,0.00735816,0.188,reports/benchmark/v5_b8_n131072_t0_p0.99_skill_default.csv,,mode=v5 batch_size=8 n=131072 total=1048576 threshold=0 keep_prob=0.990 total_count=528812 avg_ms=0.020086 logical_gbps=366.331 csv=reports/benchmark/v5_b8_n131072_t0_p0.99_skill_default.csv,
PASS,library_cub_device_select,8,1048576,0.01,0,0.0960608,612.636,4226803,0.0588503,0.260,reports/benchmark/library_cub_device_select_b8_n1048576_t0_p0.01_skill_default.csv,,mode=library_cub_device_select batch_size=8 n=1048576 total=8388608 threshold=0 keep_prob=0.010 total_count=4226803 avg_ms=0.096061 logical_gbps=612.636 csv=reports/benchmark/library_cub_device_select_b8_n1048576_t0_p0.01_skill_default.csv,
PASS,v1,8,1048576,0.01,0,0.197525,297.939,4226803,0.0588503,0.278,reports/benchmark/v1_b8_n1048576_t0_p0.01_skill_default.csv,,mode=v1 batch_size=8 n=1048576 total=8388608 threshold=0 keep_prob=0.010 total_count=4226803 avg_ms=0.197525 logical_gbps=297.939 csv=reports/benchmark/v1_b8_n1048576_t0_p0.01_skill_default.csv,
PASS,v2,8,1048576,0.01,0,0.160309,367.105,4226803,0.0588503,0.281,reports/benchmark/v2_b8_n1048576_t0_p0.01_skill_default.csv,,mode=v2 batch_size=8 n=1048576 total=8388608 threshold=0 keep_prob=0.010 total_count=4226803 avg_ms=0.160309 logical_gbps=367.105 csv=reports/benchmark/v2_b8_n1048576_t0_p0.01_skill_default.csv,
PASS,v3,8,1048576,0.01,0,0.0647923,908.291,4226803,0.0588503,0.262,reports/benchmark/v3_b8_n1048576_t0_p0.01_skill_default.csv,,mode=v3 batch_size=8 n=1048576 total=8388608 threshold=0 keep_prob=0.010 total_count=4226803 avg_ms=0.064792 logical_gbps=908.291 csv=reports/benchmark/v3_b8_n1048576_t0_p0.01_skill_default.csv,
PASS,v4,8,1048576,0.01,0,0.0684595,859.636,4226803,0.0588503,0.261,reports/benchmark/v4_b8_n1048576_t0_p0.01_skill_default.csv,,mode=v4 batch_size=8 n=1048576 total=8388608 threshold=0 keep_prob=0.010 total_count=4226803 avg_ms=0.068460 logical_gbps=859.636 csv=reports/benchmark/v4_b8_n1048576_t0_p0.01_skill_default.csv,
PASS,v5,8,1048576,0.01,0,0.0623184,944.348,4226803,0.0588503,0.276,reports/benchmark/v5_b8_n1048576_t0_p0.01_skill_default.csv,,mode=v5 batch_size=8 n=1048576 total=8388608 threshold=0 keep_prob=0.010 total_count=4226803 avg_ms=0.062318 logical_gbps=944.348 csv=reports/benchmark/v5_b8_n1048576_t0_p0.01_skill_default.csv,
PASS,library_cub_device_select,8,1048576,0.1,0,0.0956832,615.053,4226803,0.0588503,0.262,reports/benchmark/library_cub_device_select_b8_n1048576_t0_p0.1_skill_default.csv,,mode=library_cub_device_select batch_size=8 n=1048576 total=8388608 threshold=0 keep_prob=0.100 total_count=4226803 avg_ms=0.095683 logical_gbps=615.053 csv=reports/benchmark/library_cub_device_select_b8_n1048576_t0_p0.1_skill_default.csv,
PASS,v1,8,1048576,0.1,0,0.197453,298.047,4226803,0.0588503,0.279,reports/benchmark/v1_b8_n1048576_t0_p0.1_skill_default.csv,,mode=v1 batch_size=8 n=1048576 total=8388608 threshold=0 keep_prob=0.100 total_count=4226803 avg_ms=0.197453 logical_gbps=298.047 csv=reports/benchmark/v1_b8_n1048576_t0_p0.1_skill_default.csv,
PASS,v2,8,1048576,0.1,0,0.16023,367.285,4226803,0.0588503,0.280,reports/benchmark/v2_b8_n1048576_t0_p0.1_skill_default.csv,,mode=v2 batch_size=8 n=1048576 total=8388608 threshold=0 keep_prob=0.100 total_count=4226803 avg_ms=0.160230 logical_gbps=367.285 csv=reports/benchmark/v2_b8_n1048576_t0_p0.1_skill_default.csv,
PASS,v3,8,1048576,0.1,0,0.0646419,910.404,4226803,0.0588503,0.261,reports/benchmark/v3_b8_n1048576_t0_p0.1_skill_default.csv,,mode=v3 batch_size=8 n=1048576 total=8388608 threshold=0 keep_prob=0.100 total_count=4226803 avg_ms=0.064642 logical_gbps=910.404 csv=reports/benchmark/v3_b8_n1048576_t0_p0.1_skill_default.csv,
PASS,v4,8,1048576,0.1,0,0.0684138,860.211,4226803,0.0588503,0.280,reports/benchmark/v4_b8_n1048576_t0_p0.1_skill_default.csv,,mode=v4 batch_size=8 n=1048576 total=8388608 threshold=0 keep_prob=0.100 total_count=4226803 avg_ms=0.068414 logical_gbps=860.211 csv=reports/benchmark/v4_b8_n1048576_t0_p0.1_skill_default.csv,
PASS,v5,8,1048576,0.1,0,0.0621635,946.701,4226803,0.0588503,0.260,reports/benchmark/v5_b8_n1048576_t0_p0.1_skill_default.csv,,mode=v5 batch_size=8 n=1048576 total=8388608 threshold=0 keep_prob=0.100 total_count=4226803 avg_ms=0.062164 logical_gbps=946.701 csv=reports/benchmark/v5_b8_n1048576_t0_p0.1_skill_default.csv,
PASS,library_cub_device_select,8,1048576,0.5,0,0.0957024,614.93,4226803,0.0588503,0.254,reports/benchmark/library_cub_device_select_b8_n1048576_t0_p0.5_skill_default.csv,,mode=library_cub_device_select batch_size=8 n=1048576 total=8388608 threshold=0 keep_prob=0.500 total_count=4226803 avg_ms=0.095702 logical_gbps=614.930 csv=reports/benchmark/library_cub_device_select_b8_n1048576_t0_p0.5_skill_default.csv,
PASS,v1,8,1048576,0.5,0,0.197425,298.09,4226803,0.0588503,0.278,reports/benchmark/v1_b8_n1048576_t0_p0.5_skill_default.csv,,mode=v1 batch_size=8 n=1048576 total=8388608 threshold=0 keep_prob=0.500 total_count=4226803 avg_ms=0.197425 logical_gbps=298.090 csv=reports/benchmark/v1_b8_n1048576_t0_p0.5_skill_default.csv,
PASS,v2,8,1048576,0.5,0,0.160225,367.298,4226803,0.0588503,0.282,reports/benchmark/v2_b8_n1048576_t0_p0.5_skill_default.csv,,mode=v2 batch_size=8 n=1048576 total=8388608 threshold=0 keep_prob=0.500 total_count=4226803 avg_ms=0.160225 logical_gbps=367.298 csv=reports/benchmark/v2_b8_n1048576_t0_p0.5_skill_default.csv,
PASS,v3,8,1048576,0.5,0,0.0646893,909.738,4226803,0.0588503,0.267,reports/benchmark/v3_b8_n1048576_t0_p0.5_skill_default.csv,,mode=v3 batch_size=8 n=1048576 total=8388608 threshold=0 keep_prob=0.500 total_count=4226803 avg_ms=0.064689 logical_gbps=909.738 csv=reports/benchmark/v3_b8_n1048576_t0_p0.5_skill_default.csv,
PASS,v4,8,1048576,0.5,0,0.0684128,860.223,4226803,0.0588503,0.264,reports/benchmark/v4_b8_n1048576_t0_p0.5_skill_default.csv,,mode=v4 batch_size=8 n=1048576 total=8388608 threshold=0 keep_prob=0.500 total_count=4226803 avg_ms=0.068413 logical_gbps=860.223 csv=reports/benchmark/v4_b8_n1048576_t0_p0.5_skill_default.csv,
PASS,v5,8,1048576,0.5,0,0.0622048,946.073,4226803,0.0588503,0.270,reports/benchmark/v5_b8_n1048576_t0_p0.5_skill_default.csv,,mode=v5 batch_size=8 n=1048576 total=8388608 threshold=0 keep_prob=0.500 total_count=4226803 avg_ms=0.062205 logical_gbps=946.073 csv=reports/benchmark/v5_b8_n1048576_t0_p0.5_skill_default.csv,
PASS,library_cub_device_select,8,1048576,0.9,0,0.0956854,615.039,4226803,0.0588503,0.260,reports/benchmark/library_cub_device_select_b8_n1048576_t0_p0.9_skill_default.csv,,mode=library_cub_device_select batch_size=8 n=1048576 total=8388608 threshold=0 keep_prob=0.900 total_count=4226803 avg_ms=0.095685 logical_gbps=615.039 csv=reports/benchmark/library_cub_device_select_b8_n1048576_t0_p0.9_skill_default.csv,
PASS,v1,8,1048576,0.9,0,0.197444,298.06,4226803,0.0588503,0.273,reports/benchmark/v1_b8_n1048576_t0_p0.9_skill_default.csv,,mode=v1 batch_size=8 n=1048576 total=8388608 threshold=0 keep_prob=0.900 total_count=4226803 avg_ms=0.197444 logical_gbps=298.060 csv=reports/benchmark/v1_b8_n1048576_t0_p0.9_skill_default.csv,
PASS,v2,8,1048576,0.9,0,0.160277,367.178,4226803,0.0588503,0.293,reports/benchmark/v2_b8_n1048576_t0_p0.9_skill_default.csv,,mode=v2 batch_size=8 n=1048576 total=8388608 threshold=0 keep_prob=0.900 total_count=4226803 avg_ms=0.160277 logical_gbps=367.178 csv=reports/benchmark/v2_b8_n1048576_t0_p0.9_skill_default.csv,
PASS,v3,8,1048576,0.9,0,0.0648301,907.762,4226803,0.0588503,0.274,reports/benchmark/v3_b8_n1048576_t0_p0.9_skill_default.csv,,mode=v3 batch_size=8 n=1048576 total=8388608 threshold=0 keep_prob=0.900 total_count=4226803 avg_ms=0.064830 logical_gbps=907.762 csv=reports/benchmark/v3_b8_n1048576_t0_p0.9_skill_default.csv,
PASS,v4,8,1048576,0.9,0,0.0684934,859.211,4226803,0.0588503,0.259,reports/benchmark/v4_b8_n1048576_t0_p0.9_skill_default.csv,,mode=v4 batch_size=8 n=1048576 total=8388608 threshold=0 keep_prob=0.900 total_count=4226803 avg_ms=0.068493 logical_gbps=859.211 csv=reports/benchmark/v4_b8_n1048576_t0_p0.9_skill_default.csv,
PASS,v5,8,1048576,0.9,0,0.0622278,945.723,4226803,0.0588503,0.265,reports/benchmark/v5_b8_n1048576_t0_p0.9_skill_default.csv,,mode=v5 batch_size=8 n=1048576 total=8388608 threshold=0 keep_prob=0.900 total_count=4226803 avg_ms=0.062228 logical_gbps=945.723 csv=reports/benchmark/v5_b8_n1048576_t0_p0.9_skill_default.csv,
PASS,library_cub_device_select,8,1048576,0.99,0,0.0957984,614.314,4226803,0.0588503,0.275,reports/benchmark/library_cub_device_select_b8_n1048576_t0_p0.99_skill_default.csv,,mode=library_cub_device_select batch_size=8 n=1048576 total=8388608 threshold=0 keep_prob=0.990 total_count=4226803 avg_ms=0.095798 logical_gbps=614.314 csv=reports/benchmark/library_cub_device_select_b8_n1048576_t0_p0.99_skill_default.csv,
PASS,v1,8,1048576,0.99,0,0.197516,297.951,4226803,0.0588503,0.282,reports/benchmark/v1_b8_n1048576_t0_p0.99_skill_default.csv,,mode=v1 batch_size=8 n=1048576 total=8388608 threshold=0 keep_prob=0.990 total_count=4226803 avg_ms=0.197516 logical_gbps=297.951 csv=reports/benchmark/v1_b8_n1048576_t0_p0.99_skill_default.csv,
PASS,v2,8,1048576,0.99,0,0.160335,367.045,4226803,0.0588503,0.275,reports/benchmark/v2_b8_n1048576_t0_p0.99_skill_default.csv,,mode=v2 batch_size=8 n=1048576 total=8388608 threshold=0 keep_prob=0.990 total_count=4226803 avg_ms=0.160335 logical_gbps=367.045 csv=reports/benchmark/v2_b8_n1048576_t0_p0.99_skill_default.csv,
PASS,v3,8,1048576,0.99,0,0.0648061,908.098,4226803,0.0588503,0.255,reports/benchmark/v3_b8_n1048576_t0_p0.99_skill_default.csv,,mode=v3 batch_size=8 n=1048576 total=8388608 threshold=0 keep_prob=0.990 total_count=4226803 avg_ms=0.064806 logical_gbps=908.098 csv=reports/benchmark/v3_b8_n1048576_t0_p0.99_skill_default.csv,
PASS,v4,8,1048576,0.99,0,0.0683914,860.493,4226803,0.0588503,0.265,reports/benchmark/v4_b8_n1048576_t0_p0.99_skill_default.csv,,mode=v4 batch_size=8 n=1048576 total=8388608 threshold=0 keep_prob=0.990 total_count=4226803 avg_ms=0.068391 logical_gbps=860.493 csv=reports/benchmark/v4_b8_n1048576_t0_p0.99_skill_default.csv,
PASS,v5,8,1048576,0.99,0,0.0621565,946.808,4226803,0.0588503,0.280,reports/benchmark/v5_b8_n1048576_t0_p0.99_skill_default.csv,,mode=v5 batch_size=8 n=1048576 total=8388608 threshold=0 keep_prob=0.990 total_count=4226803 avg_ms=0.062156 logical_gbps=946.808 csv=reports/benchmark/v5_b8_n1048576_t0_p0.99_skill_default.csv,
PASS,library_cub_device_select,16,1024,0.01,0,0.0983258,1.16983,8260,0.000115024,0.200,reports/benchmark/library_cub_device_select_b16_n1024_t0_p0.01_skill_default.csv,,mode=library_cub_device_select batch_size=16 n=1024 total=16384 threshold=0 keep_prob=0.010 total_count=8260 avg_ms=0.098326 logical_gbps=1.170 csv=reports/benchmark/library_cub_device_select_b16_n1024_t0_p0.01_skill_default.csv,
PASS,v1,16,1024,0.01,0,0.00887872,12.955,8260,0.000115024,0.200,reports/benchmark/v1_b16_n1024_t0_p0.01_skill_default.csv,,mode=v1 batch_size=16 n=1024 total=16384 threshold=0 keep_prob=0.010 total_count=8260 avg_ms=0.008879 logical_gbps=12.955 csv=reports/benchmark/v1_b16_n1024_t0_p0.01_skill_default.csv,
PASS,v2,16,1024,0.01,0,0.00882304,13.0368,8260,0.000115024,0.187,reports/benchmark/v2_b16_n1024_t0_p0.01_skill_default.csv,,mode=v2 batch_size=16 n=1024 total=16384 threshold=0 keep_prob=0.010 total_count=8260 avg_ms=0.008823 logical_gbps=13.037 csv=reports/benchmark/v2_b16_n1024_t0_p0.01_skill_default.csv,
PASS,v3,16,1024,0.01,0,0.0088368,13.0165,8260,0.000115024,0.195,reports/benchmark/v3_b16_n1024_t0_p0.01_skill_default.csv,,mode=v3 batch_size=16 n=1024 total=16384 threshold=0 keep_prob=0.010 total_count=8260 avg_ms=0.008837 logical_gbps=13.016 csv=reports/benchmark/v3_b16_n1024_t0_p0.01_skill_default.csv,
PASS,v4,16,1024,0.01,0,0.00883008,13.0264,8260,0.000115024,0.198,reports/benchmark/v4_b16_n1024_t0_p0.01_skill_default.csv,,mode=v4 batch_size=16 n=1024 total=16384 threshold=0 keep_prob=0.010 total_count=8260 avg_ms=0.008830 logical_gbps=13.026 csv=reports/benchmark/v4_b16_n1024_t0_p0.01_skill_default.csv,
PASS,v5,16,1024,0.01,0,0.00882432,13.0349,8260,0.000115024,0.186,reports/benchmark/v5_b16_n1024_t0_p0.01_skill_default.csv,,mode=v5 batch_size=16 n=1024 total=16384 threshold=0 keep_prob=0.010 total_count=8260 avg_ms=0.008824 logical_gbps=13.035 csv=reports/benchmark/v5_b16_n1024_t0_p0.01_skill_default.csv,
PASS,library_cub_device_select,16,1024,0.1,0,0.0983757,1.16923,8260,0.000115024,0.191,reports/benchmark/library_cub_device_select_b16_n1024_t0_p0.1_skill_default.csv,,mode=library_cub_device_select batch_size=16 n=1024 total=16384 threshold=0 keep_prob=0.100 total_count=8260 avg_ms=0.098376 logical_gbps=1.169 csv=reports/benchmark/library_cub_device_select_b16_n1024_t0_p0.1_skill_default.csv,
PASS,v1,16,1024,0.1,0,0.00890272,12.9201,8260,0.000115024,0.192,reports/benchmark/v1_b16_n1024_t0_p0.1_skill_default.csv,,mode=v1 batch_size=16 n=1024 total=16384 threshold=0 keep_prob=0.100 total_count=8260 avg_ms=0.008903 logical_gbps=12.920 csv=reports/benchmark/v1_b16_n1024_t0_p0.1_skill_default.csv,
PASS,v2,16,1024,0.1,0,0.0088576,12.9859,8260,0.000115024,0.193,reports/benchmark/v2_b16_n1024_t0_p0.1_skill_default.csv,,mode=v2 batch_size=16 n=1024 total=16384 threshold=0 keep_prob=0.100 total_count=8260 avg_ms=0.008858 logical_gbps=12.986 csv=reports/benchmark/v2_b16_n1024_t0_p0.1_skill_default.csv,
PASS,v3,16,1024,0.1,0,0.00886848,12.97,8260,0.000115024,0.202,reports/benchmark/v3_b16_n1024_t0_p0.1_skill_default.csv,,mode=v3 batch_size=16 n=1024 total=16384 threshold=0 keep_prob=0.100 total_count=8260 avg_ms=0.008868 logical_gbps=12.970 csv=reports/benchmark/v3_b16_n1024_t0_p0.1_skill_default.csv,
PASS,v4,16,1024,0.1,0,0.00882144,13.0391,8260,0.000115024,0.199,reports/benchmark/v4_b16_n1024_t0_p0.1_skill_default.csv,,mode=v4 batch_size=16 n=1024 total=16384 threshold=0 keep_prob=0.100 total_count=8260 avg_ms=0.008821 logical_gbps=13.039 csv=reports/benchmark/v4_b16_n1024_t0_p0.1_skill_default.csv,
PASS,v5,16,1024,0.1,0,0.00886208,12.9793,8260,0.000115024,0.200,reports/benchmark/v5_b16_n1024_t0_p0.1_skill_default.csv,,mode=v5 batch_size=16 n=1024 total=16384 threshold=0 keep_prob=0.100 total_count=8260 avg_ms=0.008862 logical_gbps=12.979 csv=reports/benchmark/v5_b16_n1024_t0_p0.1_skill_default.csv,
PASS,library_cub_device_select,16,1024,0.5,0,0.0983395,1.16966,8260,0.000115024,0.201,reports/benchmark/library_cub_device_select_b16_n1024_t0_p0.5_skill_default.csv,,mode=library_cub_device_select batch_size=16 n=1024 total=16384 threshold=0 keep_prob=0.500 total_count=8260 avg_ms=0.098340 logical_gbps=1.170 csv=reports/benchmark/library_cub_device_select_b16_n1024_t0_p0.5_skill_default.csv,
PASS,v1,16,1024,0.5,0,0.00910464,12.6336,8260,0.000115024,0.199,reports/benchmark/v1_b16_n1024_t0_p0.5_skill_default.csv,,mode=v1 batch_size=16 n=1024 total=16384 threshold=0 keep_prob=0.500 total_count=8260 avg_ms=0.009105 logical_gbps=12.634 csv=reports/benchmark/v1_b16_n1024_t0_p0.5_skill_default.csv,
PASS,v2,16,1024,0.5,0,0.00885344,12.992,8260,0.000115024,0.188,reports/benchmark/v2_b16_n1024_t0_p0.5_skill_default.csv,,mode=v2 batch_size=16 n=1024 total=16384 threshold=0 keep_prob=0.500 total_count=8260 avg_ms=0.008853 logical_gbps=12.992 csv=reports/benchmark/v2_b16_n1024_t0_p0.5_skill_default.csv,
PASS,v3,16,1024,0.5,0,0.00886304,12.9779,8260,0.000115024,0.189,reports/benchmark/v3_b16_n1024_t0_p0.5_skill_default.csv,,mode=v3 batch_size=16 n=1024 total=16384 threshold=0 keep_prob=0.500 total_count=8260 avg_ms=0.008863 logical_gbps=12.978 csv=reports/benchmark/v3_b16_n1024_t0_p0.5_skill_default.csv,
PASS,v4,16,1024,0.5,0,0.00885056,12.9962,8260,0.000115024,0.190,reports/benchmark/v4_b16_n1024_t0_p0.5_skill_default.csv,,mode=v4 batch_size=16 n=1024 total=16384 threshold=0 keep_prob=0.500 total_count=8260 avg_ms=0.008851 logical_gbps=12.996 csv=reports/benchmark/v4_b16_n1024_t0_p0.5_skill_default.csv,
PASS,v5,16,1024,0.5,0,0.00885856,12.9845,8260,0.000115024,0.201,reports/benchmark/v5_b16_n1024_t0_p0.5_skill_default.csv,,mode=v5 batch_size=16 n=1024 total=16384 threshold=0 keep_prob=0.500 total_count=8260 avg_ms=0.008859 logical_gbps=12.985 csv=reports/benchmark/v5_b16_n1024_t0_p0.5_skill_default.csv,
PASS,library_cub_device_select,16,1024,0.9,0,0.0983645,1.16937,8260,0.000115024,0.208,reports/benchmark/library_cub_device_select_b16_n1024_t0_p0.9_skill_default.csv,,mode=library_cub_device_select batch_size=16 n=1024 total=16384 threshold=0 keep_prob=0.900 total_count=8260 avg_ms=0.098364 logical_gbps=1.169 csv=reports/benchmark/library_cub_device_select_b16_n1024_t0_p0.9_skill_default.csv,
PASS,v1,16,1024,0.9,0,0.00887808,12.956,8260,0.000115024,0.188,reports/benchmark/v1_b16_n1024_t0_p0.9_skill_default.csv,,mode=v1 batch_size=16 n=1024 total=16384 threshold=0 keep_prob=0.900 total_count=8260 avg_ms=0.008878 logical_gbps=12.956 csv=reports/benchmark/v1_b16_n1024_t0_p0.9_skill_default.csv,
PASS,v2,16,1024,0.9,0,0.00882784,13.0297,8260,0.000115024,0.183,reports/benchmark/v2_b16_n1024_t0_p0.9_skill_default.csv,,mode=v2 batch_size=16 n=1024 total=16384 threshold=0 keep_prob=0.900 total_count=8260 avg_ms=0.008828 logical_gbps=13.030 csv=reports/benchmark/v2_b16_n1024_t0_p0.9_skill_default.csv,
PASS,v3,16,1024,0.9,0,0.00886816,12.9704,8260,0.000115024,0.188,reports/benchmark/v3_b16_n1024_t0_p0.9_skill_default.csv,,mode=v3 batch_size=16 n=1024 total=16384 threshold=0 keep_prob=0.900 total_count=8260 avg_ms=0.008868 logical_gbps=12.970 csv=reports/benchmark/v3_b16_n1024_t0_p0.9_skill_default.csv,
PASS,v4,16,1024,0.9,0,0.00884512,13.0042,8260,0.000115024,0.188,reports/benchmark/v4_b16_n1024_t0_p0.9_skill_default.csv,,mode=v4 batch_size=16 n=1024 total=16384 threshold=0 keep_prob=0.900 total_count=8260 avg_ms=0.008845 logical_gbps=13.004 csv=reports/benchmark/v4_b16_n1024_t0_p0.9_skill_default.csv,
PASS,v5,16,1024,0.9,0,0.00883456,13.0198,8260,0.000115024,0.179,reports/benchmark/v5_b16_n1024_t0_p0.9_skill_default.csv,,mode=v5 batch_size=16 n=1024 total=16384 threshold=0 keep_prob=0.900 total_count=8260 avg_ms=0.008835 logical_gbps=13.020 csv=reports/benchmark/v5_b16_n1024_t0_p0.9_skill_default.csv,
PASS,library_cub_device_select,16,1024,0.99,0,0.0997626,1.15298,8260,0.000115024,0.220,reports/benchmark/library_cub_device_select_b16_n1024_t0_p0.99_skill_default.csv,,mode=library_cub_device_select batch_size=16 n=1024 total=16384 threshold=0 keep_prob=0.990 total_count=8260 avg_ms=0.099763 logical_gbps=1.153 csv=reports/benchmark/library_cub_device_select_b16_n1024_t0_p0.99_skill_default.csv,
PASS,v1,16,1024,0.99,0,0.00882144,13.0391,8260,0.000115024,0.184,reports/benchmark/v1_b16_n1024_t0_p0.99_skill_default.csv,,mode=v1 batch_size=16 n=1024 total=16384 threshold=0 keep_prob=0.990 total_count=8260 avg_ms=0.008821 logical_gbps=13.039 csv=reports/benchmark/v1_b16_n1024_t0_p0.99_skill_default.csv,
PASS,v2,16,1024,0.99,0,0.00885664,12.9873,8260,0.000115024,0.209,reports/benchmark/v2_b16_n1024_t0_p0.99_skill_default.csv,,mode=v2 batch_size=16 n=1024 total=16384 threshold=0 keep_prob=0.990 total_count=8260 avg_ms=0.008857 logical_gbps=12.987 csv=reports/benchmark/v2_b16_n1024_t0_p0.99_skill_default.csv,
PASS,v3,16,1024,0.99,0,0.00887232,12.9644,8260,0.000115024,0.189,reports/benchmark/v3_b16_n1024_t0_p0.99_skill_default.csv,,mode=v3 batch_size=16 n=1024 total=16384 threshold=0 keep_prob=0.990 total_count=8260 avg_ms=0.008872 logical_gbps=12.964 csv=reports/benchmark/v3_b16_n1024_t0_p0.99_skill_default.csv,
PASS,v4,16,1024,0.99,0,0.00857376,13.4158,8260,0.000115024,0.193,reports/benchmark/v4_b16_n1024_t0_p0.99_skill_default.csv,,mode=v4 batch_size=16 n=1024 total=16384 threshold=0 keep_prob=0.990 total_count=8260 avg_ms=0.008574 logical_gbps=13.416 csv=reports/benchmark/v4_b16_n1024_t0_p0.99_skill_default.csv,
PASS,v5,16,1024,0.99,0,0.00882528,13.0335,8260,0.000115024,0.181,reports/benchmark/v5_b16_n1024_t0_p0.99_skill_default.csv,,mode=v5 batch_size=16 n=1024 total=16384 threshold=0 keep_prob=0.990 total_count=8260 avg_ms=0.008825 logical_gbps=13.033 csv=reports/benchmark/v5_b16_n1024_t0_p0.99_skill_default.csv,
PASS,library_cub_device_select,16,8192,0.01,0,0.0984013,9.34029,65918,0.000919096,0.192,reports/benchmark/library_cub_device_select_b16_n8192_t0_p0.01_skill_default.csv,,mode=library_cub_device_select batch_size=16 n=8192 total=131072 threshold=0 keep_prob=0.010 total_count=65918 avg_ms=0.098401 logical_gbps=9.340 csv=reports/benchmark/library_cub_device_select_b16_n8192_t0_p0.01_skill_default.csv,
PASS,v1,16,8192,0.01,0,0.0127827,71.9014,65918,0.000919096,0.205,reports/benchmark/v1_b16_n8192_t0_p0.01_skill_default.csv,,mode=v1 batch_size=16 n=8192 total=131072 threshold=0 keep_prob=0.010 total_count=65918 avg_ms=0.012783 logical_gbps=71.901 csv=reports/benchmark/v1_b16_n8192_t0_p0.01_skill_default.csv,
PASS,v2,16,8192,0.01,0,0.0127376,72.1561,65918,0.000919096,0.200,reports/benchmark/v2_b16_n8192_t0_p0.01_skill_default.csv,,mode=v2 batch_size=16 n=8192 total=131072 threshold=0 keep_prob=0.010 total_count=65918 avg_ms=0.012738 logical_gbps=72.156 csv=reports/benchmark/v2_b16_n8192_t0_p0.01_skill_default.csv,
PASS,v3,16,8192,0.01,0,0.00991392,92.7076,65918,0.000919096,0.200,reports/benchmark/v3_b16_n8192_t0_p0.01_skill_default.csv,,mode=v3 batch_size=16 n=8192 total=131072 threshold=0 keep_prob=0.010 total_count=65918 avg_ms=0.009914 logical_gbps=92.708 csv=reports/benchmark/v3_b16_n8192_t0_p0.01_skill_default.csv,
PASS,v4,16,8192,0.01,0,0.0108627,84.6101,65918,0.000919096,0.200,reports/benchmark/v4_b16_n8192_t0_p0.01_skill_default.csv,,mode=v4 batch_size=16 n=8192 total=131072 threshold=0 keep_prob=0.010 total_count=65918 avg_ms=0.010863 logical_gbps=84.610 csv=reports/benchmark/v4_b16_n8192_t0_p0.01_skill_default.csv,
PASS,v5,16,8192,0.01,0,0.0122205,75.2095,65918,0.000919096,0.193,reports/benchmark/v5_b16_n8192_t0_p0.01_skill_default.csv,,mode=v5 batch_size=16 n=8192 total=131072 threshold=0 keep_prob=0.010 total_count=65918 avg_ms=0.012220 logical_gbps=75.209 csv=reports/benchmark/v5_b16_n8192_t0_p0.01_skill_default.csv,
PASS,library_cub_device_select,16,8192,0.1,0,0.0983776,9.34253,65918,0.000919096,0.194,reports/benchmark/library_cub_device_select_b16_n8192_t0_p0.1_skill_default.csv,,mode=library_cub_device_select batch_size=16 n=8192 total=131072 threshold=0 keep_prob=0.100 total_count=65918 avg_ms=0.098378 logical_gbps=9.343 csv=reports/benchmark/library_cub_device_select_b16_n8192_t0_p0.1_skill_default.csv,
PASS,v1,16,8192,0.1,0,0.012831,71.6307,65918,0.000919096,0.202,reports/benchmark/v1_b16_n8192_t0_p0.1_skill_default.csv,,mode=v1 batch_size=16 n=8192 total=131072 threshold=0 keep_prob=0.100 total_count=65918 avg_ms=0.012831 logical_gbps=71.631 csv=reports/benchmark/v1_b16_n8192_t0_p0.1_skill_default.csv,
PASS,v2,16,8192,0.1,0,0.0127709,71.9681,65918,0.000919096,0.179,reports/benchmark/v2_b16_n8192_t0_p0.1_skill_default.csv,,mode=v2 batch_size=16 n=8192 total=131072 threshold=0 keep_prob=0.100 total_count=65918 avg_ms=0.012771 logical_gbps=71.968 csv=reports/benchmark/v2_b16_n8192_t0_p0.1_skill_default.csv,
PASS,v3,16,8192,0.1,0,0.00991616,92.6867,65918,0.000919096,0.188,reports/benchmark/v3_b16_n8192_t0_p0.1_skill_default.csv,,mode=v3 batch_size=16 n=8192 total=131072 threshold=0 keep_prob=0.100 total_count=65918 avg_ms=0.009916 logical_gbps=92.687 csv=reports/benchmark/v3_b16_n8192_t0_p0.1_skill_default.csv,
PASS,v4,16,8192,0.1,0,0.0108301,84.8651,65918,0.000919096,0.188,reports/benchmark/v4_b16_n8192_t0_p0.1_skill_default.csv,,mode=v4 batch_size=16 n=8192 total=131072 threshold=0 keep_prob=0.100 total_count=65918 avg_ms=0.010830 logical_gbps=84.865 csv=reports/benchmark/v4_b16_n8192_t0_p0.1_skill_default.csv,
PASS,v5,16,8192,0.1,0,0.0120867,76.0418,65918,0.000919096,0.179,reports/benchmark/v5_b16_n8192_t0_p0.1_skill_default.csv,,mode=v5 batch_size=16 n=8192 total=131072 threshold=0 keep_prob=0.100 total_count=65918 avg_ms=0.012087 logical_gbps=76.042 csv=reports/benchmark/v5_b16_n8192_t0_p0.1_skill_default.csv,
PASS,library_cub_device_select,16,8192,0.5,0,0.0983504,9.34512,65918,0.000919096,0.202,reports/benchmark/library_cub_device_select_b16_n8192_t0_p0.5_skill_default.csv,,mode=library_cub_device_select batch_size=16 n=8192 total=131072 threshold=0 keep_prob=0.500 total_count=65918 avg_ms=0.098350 logical_gbps=9.345 csv=reports/benchmark/library_cub_device_select_b16_n8192_t0_p0.5_skill_default.csv,
PASS,v1,16,8192,0.5,0,0.0128355,71.6057,65918,0.000919096,0.182,reports/benchmark/v1_b16_n8192_t0_p0.5_skill_default.csv,,mode=v1 batch_size=16 n=8192 total=131072 threshold=0 keep_prob=0.500 total_count=65918 avg_ms=0.012836 logical_gbps=71.606 csv=reports/benchmark/v1_b16_n8192_t0_p0.5_skill_default.csv,
PASS,v2,16,8192,0.5,0,0.012759,72.0349,65918,0.000919096,0.191,reports/benchmark/v2_b16_n8192_t0_p0.5_skill_default.csv,,mode=v2 batch_size=16 n=8192 total=131072 threshold=0 keep_prob=0.500 total_count=65918 avg_ms=0.012759 logical_gbps=72.035 csv=reports/benchmark/v2_b16_n8192_t0_p0.5_skill_default.csv,
PASS,v3,16,8192,0.5,0,0.0099808,92.0864,65918,0.000919096,0.190,reports/benchmark/v3_b16_n8192_t0_p0.5_skill_default.csv,,mode=v3 batch_size=16 n=8192 total=131072 threshold=0 keep_prob=0.500 total_count=65918 avg_ms=0.009981 logical_gbps=92.086 csv=reports/benchmark/v3_b16_n8192_t0_p0.5_skill_default.csv,
PASS,v4,16,8192,0.5,0,0.0107248,85.6982,65918,0.000919096,0.190,reports/benchmark/v4_b16_n8192_t0_p0.5_skill_default.csv,,mode=v4 batch_size=16 n=8192 total=131072 threshold=0 keep_prob=0.500 total_count=65918 avg_ms=0.010725 logical_gbps=85.698 csv=reports/benchmark/v4_b16_n8192_t0_p0.5_skill_default.csv,
PASS,v5,16,8192,0.5,0,0.0120198,76.4649,65918,0.000919096,0.205,reports/benchmark/v5_b16_n8192_t0_p0.5_skill_default.csv,,mode=v5 batch_size=16 n=8192 total=131072 threshold=0 keep_prob=0.500 total_count=65918 avg_ms=0.012020 logical_gbps=76.465 csv=reports/benchmark/v5_b16_n8192_t0_p0.5_skill_default.csv,
PASS,library_cub_device_select,16,8192,0.9,0,0.098296,9.35029,65918,0.000919096,0.188,reports/benchmark/library_cub_device_select_b16_n8192_t0_p0.9_skill_default.csv,,mode=library_cub_device_select batch_size=16 n=8192 total=131072 threshold=0 keep_prob=0.900 total_count=65918 avg_ms=0.098296 logical_gbps=9.350 csv=reports/benchmark/library_cub_device_select_b16_n8192_t0_p0.9_skill_default.csv,
PASS,v1,16,8192,0.9,0,0.0128003,71.8026,65918,0.000919096,0.206,reports/benchmark/v1_b16_n8192_t0_p0.9_skill_default.csv,,mode=v1 batch_size=16 n=8192 total=131072 threshold=0 keep_prob=0.900 total_count=65918 avg_ms=0.012800 logical_gbps=71.803 csv=reports/benchmark/v1_b16_n8192_t0_p0.9_skill_default.csv,
PASS,v2,16,8192,0.9,0,0.0127795,71.9194,65918,0.000919096,0.191,reports/benchmark/v2_b16_n8192_t0_p0.9_skill_default.csv,,mode=v2 batch_size=16 n=8192 total=131072 threshold=0 keep_prob=0.900 total_count=65918 avg_ms=0.012780 logical_gbps=71.919 csv=reports/benchmark/v2_b16_n8192_t0_p0.9_skill_default.csv,
PASS,v3,16,8192,0.9,0,0.00985184,93.2918,65918,0.000919096,0.190,reports/benchmark/v3_b16_n8192_t0_p0.9_skill_default.csv,,mode=v3 batch_size=16 n=8192 total=131072 threshold=0 keep_prob=0.900 total_count=65918 avg_ms=0.009852 logical_gbps=93.292 csv=reports/benchmark/v3_b16_n8192_t0_p0.9_skill_default.csv,
PASS,v4,16,8192,0.9,0,0.0109149,84.2058,65918,0.000919096,0.200,reports/benchmark/v4_b16_n8192_t0_p0.9_skill_default.csv,,mode=v4 batch_size=16 n=8192 total=131072 threshold=0 keep_prob=0.900 total_count=65918 avg_ms=0.010915 logical_gbps=84.206 csv=reports/benchmark/v4_b16_n8192_t0_p0.9_skill_default.csv,
PASS,v5,16,8192,0.9,0,0.0120256,76.4283,65918,0.000919096,0.186,reports/benchmark/v5_b16_n8192_t0_p0.9_skill_default.csv,,mode=v5 batch_size=16 n=8192 total=131072 threshold=0 keep_prob=0.900 total_count=65918 avg_ms=0.012026 logical_gbps=76.428 csv=reports/benchmark/v5_b16_n8192_t0_p0.9_skill_default.csv,
PASS,library_cub_device_select,16,8192,0.99,0,0.0983373,9.34636,65918,0.000919096,0.194,reports/benchmark/library_cub_device_select_b16_n8192_t0_p0.99_skill_default.csv,,mode=library_cub_device_select batch_size=16 n=8192 total=131072 threshold=0 keep_prob=0.990 total_count=65918 avg_ms=0.098337 logical_gbps=9.346 csv=reports/benchmark/library_cub_device_select_b16_n8192_t0_p0.99_skill_default.csv,
PASS,v1,16,8192,0.99,0,0.0129098,71.1939,65918,0.000919096,0.187,reports/benchmark/v1_b16_n8192_t0_p0.99_skill_default.csv,,mode=v1 batch_size=16 n=8192 total=131072 threshold=0 keep_prob=0.990 total_count=65918 avg_ms=0.012910 logical_gbps=71.194 csv=reports/benchmark/v1_b16_n8192_t0_p0.99_skill_default.csv,
PASS,v2,16,8192,0.99,0,0.0127693,71.9771,65918,0.000919096,0.194,reports/benchmark/v2_b16_n8192_t0_p0.99_skill_default.csv,,mode=v2 batch_size=16 n=8192 total=131072 threshold=0 keep_prob=0.990 total_count=65918 avg_ms=0.012769 logical_gbps=71.977 csv=reports/benchmark/v2_b16_n8192_t0_p0.99_skill_default.csv,
PASS,v3,16,8192,0.99,0,0.00982144,93.5806,65918,0.000919096,0.183,reports/benchmark/v3_b16_n8192_t0_p0.99_skill_default.csv,,mode=v3 batch_size=16 n=8192 total=131072 threshold=0 keep_prob=0.990 total_count=65918 avg_ms=0.009821 logical_gbps=93.581 csv=reports/benchmark/v3_b16_n8192_t0_p0.99_skill_default.csv,
PASS,v4,16,8192,0.99,0,0.0107725,85.3189,65918,0.000919096,0.196,reports/benchmark/v4_b16_n8192_t0_p0.99_skill_default.csv,,mode=v4 batch_size=16 n=8192 total=131072 threshold=0 keep_prob=0.990 total_count=65918 avg_ms=0.010772 logical_gbps=85.319 csv=reports/benchmark/v4_b16_n8192_t0_p0.99_skill_default.csv,
PASS,v5,16,8192,0.99,0,0.0121584,75.5935,65918,0.000919096,0.187,reports/benchmark/v5_b16_n8192_t0_p0.99_skill_default.csv,,mode=v5 batch_size=16 n=8192 total=131072 threshold=0 keep_prob=0.990 total_count=65918 avg_ms=0.012158 logical_gbps=75.594 csv=reports/benchmark/v5_b16_n8192_t0_p0.99_skill_default.csv,
PASS,library_cub_device_select,16,131072,0.01,0,0.0983997,149.544,1057310,0.0147151,0.212,reports/benchmark/library_cub_device_select_b16_n131072_t0_p0.01_skill_default.csv,,mode=library_cub_device_select batch_size=16 n=131072 total=2097152 threshold=0 keep_prob=0.010 total_count=1057310 avg_ms=0.098400 logical_gbps=149.544 csv=reports/benchmark/library_cub_device_select_b16_n131072_t0_p0.01_skill_default.csv,
PASS,v1,16,131072,0.01,0,0.0478307,307.649,1057310,0.0147151,0.225,reports/benchmark/v1_b16_n131072_t0_p0.01_skill_default.csv,,mode=v1 batch_size=16 n=131072 total=2097152 threshold=0 keep_prob=0.010 total_count=1057310 avg_ms=0.047831 logical_gbps=307.649 csv=reports/benchmark/v1_b16_n131072_t0_p0.01_skill_default.csv,
PASS,v2,16,131072,0.01,0,0.0477731,308.02,1057310,0.0147151,0.213,reports/benchmark/v2_b16_n131072_t0_p0.01_skill_default.csv,,mode=v2 batch_size=16 n=131072 total=2097152 threshold=0 keep_prob=0.010 total_count=1057310 avg_ms=0.047773 logical_gbps=308.020 csv=reports/benchmark/v2_b16_n131072_t0_p0.01_skill_default.csv,
PASS,v3,16,131072,0.01,0,0.0252058,583.798,1057310,0.0147151,0.202,reports/benchmark/v3_b16_n131072_t0_p0.01_skill_default.csv,,mode=v3 batch_size=16 n=131072 total=2097152 threshold=0 keep_prob=0.010 total_count=1057310 avg_ms=0.025206 logical_gbps=583.798 csv=reports/benchmark/v3_b16_n131072_t0_p0.01_skill_default.csv,
PASS,v4,16,131072,0.01,0,0.0252512,582.747,1057310,0.0147151,0.205,reports/benchmark/v4_b16_n131072_t0_p0.01_skill_default.csv,,mode=v4 batch_size=16 n=131072 total=2097152 threshold=0 keep_prob=0.010 total_count=1057310 avg_ms=0.025251 logical_gbps=582.747 csv=reports/benchmark/v4_b16_n131072_t0_p0.01_skill_default.csv,
PASS,v5,16,131072,0.01,0,0.023209,634.025,1057310,0.0147151,0.235,reports/benchmark/v5_b16_n131072_t0_p0.01_skill_default.csv,,mode=v5 batch_size=16 n=131072 total=2097152 threshold=0 keep_prob=0.010 total_count=1057310 avg_ms=0.023209 logical_gbps=634.025 csv=reports/benchmark/v5_b16_n131072_t0_p0.01_skill_default.csv,
PASS,library_cub_device_select,16,131072,0.1,0,0.0983725,149.585,1057310,0.0147151,0.220,reports/benchmark/library_cub_device_select_b16_n131072_t0_p0.1_skill_default.csv,,mode=library_cub_device_select batch_size=16 n=131072 total=2097152 threshold=0 keep_prob=0.100 total_count=1057310 avg_ms=0.098372 logical_gbps=149.585 csv=reports/benchmark/library_cub_device_select_b16_n131072_t0_p0.1_skill_default.csv,
PASS,v1,16,131072,0.1,0,0.047791,307.904,1057310,0.0147151,0.210,reports/benchmark/v1_b16_n131072_t0_p0.1_skill_default.csv,,mode=v1 batch_size=16 n=131072 total=2097152 threshold=0 keep_prob=0.100 total_count=1057310 avg_ms=0.047791 logical_gbps=307.904 csv=reports/benchmark/v1_b16_n131072_t0_p0.1_skill_default.csv,
PASS,v2,16,131072,0.1,0,0.0477712,308.032,1057310,0.0147151,0.211,reports/benchmark/v2_b16_n131072_t0_p0.1_skill_default.csv,,mode=v2 batch_size=16 n=131072 total=2097152 threshold=0 keep_prob=0.100 total_count=1057310 avg_ms=0.047771 logical_gbps=308.032 csv=reports/benchmark/v2_b16_n131072_t0_p0.1_skill_default.csv,
PASS,v3,16,131072,0.1,0,0.0252205,583.457,1057310,0.0147151,0.210,reports/benchmark/v3_b16_n131072_t0_p0.1_skill_default.csv,,mode=v3 batch_size=16 n=131072 total=2097152 threshold=0 keep_prob=0.100 total_count=1057310 avg_ms=0.025220 logical_gbps=583.457 csv=reports/benchmark/v3_b16_n131072_t0_p0.1_skill_default.csv,
PASS,v4,16,131072,0.1,0,0.0252512,582.747,1057310,0.0147151,0.208,reports/benchmark/v4_b16_n131072_t0_p0.1_skill_default.csv,,mode=v4 batch_size=16 n=131072 total=2097152 threshold=0 keep_prob=0.100 total_count=1057310 avg_ms=0.025251 logical_gbps=582.747 csv=reports/benchmark/v4_b16_n131072_t0_p0.1_skill_default.csv,
PASS,v5,16,131072,0.1,0,0.0231984,634.314,1057310,0.0147151,0.200,reports/benchmark/v5_b16_n131072_t0_p0.1_skill_default.csv,,mode=v5 batch_size=16 n=131072 total=2097152 threshold=0 keep_prob=0.100 total_count=1057310 avg_ms=0.023198 logical_gbps=634.314 csv=reports/benchmark/v5_b16_n131072_t0_p0.1_skill_default.csv,
PASS,library_cub_device_select,16,131072,0.5,0,0.0984234,149.508,1057310,0.0147151,0.204,reports/benchmark/library_cub_device_select_b16_n131072_t0_p0.5_skill_default.csv,,mode=library_cub_device_select batch_size=16 n=131072 total=2097152 threshold=0 keep_prob=0.500 total_count=1057310 avg_ms=0.098423 logical_gbps=149.508 csv=reports/benchmark/library_cub_device_select_b16_n131072_t0_p0.5_skill_default.csv,
PASS,v1,16,131072,0.5,0,0.047783,307.956,1057310,0.0147151,0.217,reports/benchmark/v1_b16_n131072_t0_p0.5_skill_default.csv,,mode=v1 batch_size=16 n=131072 total=2097152 threshold=0 keep_prob=0.500 total_count=1057310 avg_ms=0.047783 logical_gbps=307.956 csv=reports/benchmark/v1_b16_n131072_t0_p0.5_skill_default.csv,
PASS,v2,16,131072,0.5,0,0.0477558,308.131,1057310,0.0147151,0.218,reports/benchmark/v2_b16_n131072_t0_p0.5_skill_default.csv,,mode=v2 batch_size=16 n=131072 total=2097152 threshold=0 keep_prob=0.500 total_count=1057310 avg_ms=0.047756 logical_gbps=308.131 csv=reports/benchmark/v2_b16_n131072_t0_p0.5_skill_default.csv,
PASS,v3,16,131072,0.5,0,0.0252128,583.635,1057310,0.0147151,0.200,reports/benchmark/v3_b16_n131072_t0_p0.5_skill_default.csv,,mode=v3 batch_size=16 n=131072 total=2097152 threshold=0 keep_prob=0.500 total_count=1057310 avg_ms=0.025213 logical_gbps=583.635 csv=reports/benchmark/v3_b16_n131072_t0_p0.5_skill_default.csv,
PASS,v4,16,131072,0.5,0,0.0252106,583.687,1057310,0.0147151,0.205,reports/benchmark/v4_b16_n131072_t0_p0.5_skill_default.csv,,mode=v4 batch_size=16 n=131072 total=2097152 threshold=0 keep_prob=0.500 total_count=1057310 avg_ms=0.025211 logical_gbps=583.687 csv=reports/benchmark/v4_b16_n131072_t0_p0.5_skill_default.csv,
PASS,v5,16,131072,0.5,0,0.0232253,633.58,1057310,0.0147151,0.216,reports/benchmark/v5_b16_n131072_t0_p0.5_skill_default.csv,,mode=v5 batch_size=16 n=131072 total=2097152 threshold=0 keep_prob=0.500 total_count=1057310 avg_ms=0.023225 logical_gbps=633.580 csv=reports/benchmark/v5_b16_n131072_t0_p0.5_skill_default.csv,
PASS,library_cub_device_select,16,131072,0.9,0,0.0984413,149.481,1057310,0.0147151,0.222,reports/benchmark/library_cub_device_select_b16_n131072_t0_p0.9_skill_default.csv,,mode=library_cub_device_select batch_size=16 n=131072 total=2097152 threshold=0 keep_prob=0.900 total_count=1057310 avg_ms=0.098441 logical_gbps=149.481 csv=reports/benchmark/library_cub_device_select_b16_n131072_t0_p0.9_skill_default.csv,
PASS,v1,16,131072,0.9,0,0.0477936,307.888,1057310,0.0147151,0.218,reports/benchmark/v1_b16_n131072_t0_p0.9_skill_default.csv,,mode=v1 batch_size=16 n=131072 total=2097152 threshold=0 keep_prob=0.900 total_count=1057310 avg_ms=0.047794 logical_gbps=307.888 csv=reports/benchmark/v1_b16_n131072_t0_p0.9_skill_default.csv,
PASS,v2,16,131072,0.9,0,0.0477677,308.055,1057310,0.0147151,0.224,reports/benchmark/v2_b16_n131072_t0_p0.9_skill_default.csv,,mode=v2 batch_size=16 n=131072 total=2097152 threshold=0 keep_prob=0.900 total_count=1057310 avg_ms=0.047768 logical_gbps=308.055 csv=reports/benchmark/v2_b16_n131072_t0_p0.9_skill_default.csv,
PASS,v3,16,131072,0.9,0,0.0252326,583.176,1057310,0.0147151,0.214,reports/benchmark/v3_b16_n131072_t0_p0.9_skill_default.csv,,mode=v3 batch_size=16 n=131072 total=2097152 threshold=0 keep_prob=0.900 total_count=1057310 avg_ms=0.025233 logical_gbps=583.176 csv=reports/benchmark/v3_b16_n131072_t0_p0.9_skill_default.csv,
PASS,v4,16,131072,0.9,0,0.0252362,583.094,1057310,0.0147151,0.203,reports/benchmark/v4_b16_n131072_t0_p0.9_skill_default.csv,,mode=v4 batch_size=16 n=131072 total=2097152 threshold=0 keep_prob=0.900 total_count=1057310 avg_ms=0.025236 logical_gbps=583.094 csv=reports/benchmark/v4_b16_n131072_t0_p0.9_skill_default.csv,
PASS,v5,16,131072,0.9,0,0.0231898,634.55,1057310,0.0147151,0.216,reports/benchmark/v5_b16_n131072_t0_p0.9_skill_default.csv,,mode=v5 batch_size=16 n=131072 total=2097152 threshold=0 keep_prob=0.900 total_count=1057310 avg_ms=0.023190 logical_gbps=634.550 csv=reports/benchmark/v5_b16_n131072_t0_p0.9_skill_default.csv,
PASS,library_cub_device_select,16,131072,0.99,0,0.0984243,149.506,1057310,0.0147151,0.205,reports/benchmark/library_cub_device_select_b16_n131072_t0_p0.99_skill_default.csv,,mode=library_cub_device_select batch_size=16 n=131072 total=2097152 threshold=0 keep_prob=0.990 total_count=1057310 avg_ms=0.098424 logical_gbps=149.506 csv=reports/benchmark/library_cub_device_select_b16_n131072_t0_p0.99_skill_default.csv,
PASS,v1,16,131072,0.99,0,0.0477955,307.875,1057310,0.0147151,0.220,reports/benchmark/v1_b16_n131072_t0_p0.99_skill_default.csv,,mode=v1 batch_size=16 n=131072 total=2097152 threshold=0 keep_prob=0.990 total_count=1057310 avg_ms=0.047796 logical_gbps=307.875 csv=reports/benchmark/v1_b16_n131072_t0_p0.99_skill_default.csv,
PASS,v2,16,131072,0.99,0,0.0477626,308.088,1057310,0.0147151,0.216,reports/benchmark/v2_b16_n131072_t0_p0.99_skill_default.csv,,mode=v2 batch_size=16 n=131072 total=2097152 threshold=0 keep_prob=0.990 total_count=1057310 avg_ms=0.047763 logical_gbps=308.088 csv=reports/benchmark/v2_b16_n131072_t0_p0.99_skill_default.csv,
PASS,v3,16,131072,0.99,0,0.0252966,581.7,1057310,0.0147151,0.220,reports/benchmark/v3_b16_n131072_t0_p0.99_skill_default.csv,,mode=v3 batch_size=16 n=131072 total=2097152 threshold=0 keep_prob=0.990 total_count=1057310 avg_ms=0.025297 logical_gbps=581.700 csv=reports/benchmark/v3_b16_n131072_t0_p0.99_skill_default.csv,
PASS,v4,16,131072,0.99,0,0.0252096,583.709,1057310,0.0147151,0.200,reports/benchmark/v4_b16_n131072_t0_p0.99_skill_default.csv,,mode=v4 batch_size=16 n=131072 total=2097152 threshold=0 keep_prob=0.990 total_count=1057310 avg_ms=0.025210 logical_gbps=583.709 csv=reports/benchmark/v4_b16_n131072_t0_p0.99_skill_default.csv,
PASS,v5,16,131072,0.99,0,0.0232032,634.183,1057310,0.0147151,0.220,reports/benchmark/v5_b16_n131072_t0_p0.99_skill_default.csv,,mode=v5 batch_size=16 n=131072 total=2097152 threshold=0 keep_prob=0.990 total_count=1057310 avg_ms=0.023203 logical_gbps=634.183 csv=reports/benchmark/v5_b16_n131072_t0_p0.99_skill_default.csv,
PASS,library_cub_device_select,16,1048576,0.01,0,0.229593,512.641,8453139,0.117699,0.360,reports/benchmark/library_cub_device_select_b16_n1048576_t0_p0.01_skill_default.csv,,mode=library_cub_device_select batch_size=16 n=1048576 total=16777216 threshold=0 keep_prob=0.010 total_count=8453139 avg_ms=0.229593 logical_gbps=512.641 csv=reports/benchmark/library_cub_device_select_b16_n1048576_t0_p0.01_skill_default.csv,
PASS,v1,16,1048576,0.01,0,0.434959,270.597,8453139,0.117699,0.382,reports/benchmark/v1_b16_n1048576_t0_p0.01_skill_default.csv,,mode=v1 batch_size=16 n=1048576 total=16777216 threshold=0 keep_prob=0.010 total_count=8453139 avg_ms=0.434959 logical_gbps=270.597 csv=reports/benchmark/v1_b16_n1048576_t0_p0.01_skill_default.csv,
PASS,v2,16,1048576,0.01,0,0.425437,276.654,8453139,0.117699,0.378,reports/benchmark/v2_b16_n1048576_t0_p0.01_skill_default.csv,,mode=v2 batch_size=16 n=1048576 total=16777216 threshold=0 keep_prob=0.010 total_count=8453139 avg_ms=0.425437 logical_gbps=276.654 csv=reports/benchmark/v2_b16_n1048576_t0_p0.01_skill_default.csv,
PASS,v3,16,1048576,0.01,0,0.271773,433.077,8453139,0.117699,0.344,reports/benchmark/v3_b16_n1048576_t0_p0.01_skill_default.csv,,mode=v3 batch_size=16 n=1048576 total=16777216 threshold=0 keep_prob=0.010 total_count=8453139 avg_ms=0.271773 logical_gbps=433.077 csv=reports/benchmark/v3_b16_n1048576_t0_p0.01_skill_default.csv,
PASS,v4,16,1048576,0.01,0,0.271756,433.104,8453139,0.117699,0.343,reports/benchmark/v4_b16_n1048576_t0_p0.01_skill_default.csv,,mode=v4 batch_size=16 n=1048576 total=16777216 threshold=0 keep_prob=0.010 total_count=8453139 avg_ms=0.271756 logical_gbps=433.104 csv=reports/benchmark/v4_b16_n1048576_t0_p0.01_skill_default.csv,
PASS,v5,16,1048576,0.01,0,0.275942,426.535,8453139,0.117699,0.340,reports/benchmark/v5_b16_n1048576_t0_p0.01_skill_default.csv,,mode=v5 batch_size=16 n=1048576 total=16777216 threshold=0 keep_prob=0.010 total_count=8453139 avg_ms=0.275942 logical_gbps=426.535 csv=reports/benchmark/v5_b16_n1048576_t0_p0.01_skill_default.csv,
PASS,library_cub_device_select,16,1048576,0.1,0,0.22953,512.782,8453139,0.117699,0.347,reports/benchmark/library_cub_device_select_b16_n1048576_t0_p0.1_skill_default.csv,,mode=library_cub_device_select batch_size=16 n=1048576 total=16777216 threshold=0 keep_prob=0.100 total_count=8453139 avg_ms=0.229530 logical_gbps=512.782 csv=reports/benchmark/library_cub_device_select_b16_n1048576_t0_p0.1_skill_default.csv,
PASS,v1,16,1048576,0.1,0,0.435239,270.423,8453139,0.117699,0.365,reports/benchmark/v1_b16_n1048576_t0_p0.1_skill_default.csv,,mode=v1 batch_size=16 n=1048576 total=16777216 threshold=0 keep_prob=0.100 total_count=8453139 avg_ms=0.435239 logical_gbps=270.423 csv=reports/benchmark/v1_b16_n1048576_t0_p0.1_skill_default.csv,
PASS,v2,16,1048576,0.1,0,0.427367,275.404,8453139,0.117699,0.361,reports/benchmark/v2_b16_n1048576_t0_p0.1_skill_default.csv,,mode=v2 batch_size=16 n=1048576 total=16777216 threshold=0 keep_prob=0.100 total_count=8453139 avg_ms=0.427367 logical_gbps=275.404 csv=reports/benchmark/v2_b16_n1048576_t0_p0.1_skill_default.csv,
PASS,v3,16,1048576,0.1,0,0.271389,433.69,8453139,0.117699,0.344,reports/benchmark/v3_b16_n1048576_t0_p0.1_skill_default.csv,,mode=v3 batch_size=16 n=1048576 total=16777216 threshold=0 keep_prob=0.100 total_count=8453139 avg_ms=0.271389 logical_gbps=433.690 csv=reports/benchmark/v3_b16_n1048576_t0_p0.1_skill_default.csv,
PASS,v4,16,1048576,0.1,0,0.271885,432.899,8453139,0.117699,0.343,reports/benchmark/v4_b16_n1048576_t0_p0.1_skill_default.csv,,mode=v4 batch_size=16 n=1048576 total=16777216 threshold=0 keep_prob=0.100 total_count=8453139 avg_ms=0.271885 logical_gbps=432.899 csv=reports/benchmark/v4_b16_n1048576_t0_p0.1_skill_default.csv,
PASS,v5,16,1048576,0.1,0,0.275847,426.681,8453139,0.117699,0.355,reports/benchmark/v5_b16_n1048576_t0_p0.1_skill_default.csv,,mode=v5 batch_size=16 n=1048576 total=16777216 threshold=0 keep_prob=0.100 total_count=8453139 avg_ms=0.275847 logical_gbps=426.681 csv=reports/benchmark/v5_b16_n1048576_t0_p0.1_skill_default.csv,
PASS,library_cub_device_select,16,1048576,0.5,0,0.229552,512.733,8453139,0.117699,0.336,reports/benchmark/library_cub_device_select_b16_n1048576_t0_p0.5_skill_default.csv,,mode=library_cub_device_select batch_size=16 n=1048576 total=16777216 threshold=0 keep_prob=0.500 total_count=8453139 avg_ms=0.229552 logical_gbps=512.733 csv=reports/benchmark/library_cub_device_select_b16_n1048576_t0_p0.5_skill_default.csv,
PASS,v1,16,1048576,0.5,0,0.434824,270.681,8453139,0.117699,0.360,reports/benchmark/v1_b16_n1048576_t0_p0.5_skill_default.csv,,mode=v1 batch_size=16 n=1048576 total=16777216 threshold=0 keep_prob=0.500 total_count=8453139 avg_ms=0.434824 logical_gbps=270.681 csv=reports/benchmark/v1_b16_n1048576_t0_p0.5_skill_default.csv,
PASS,v2,16,1048576,0.5,0,0.426643,275.872,8453139,0.117699,0.363,reports/benchmark/v2_b16_n1048576_t0_p0.5_skill_default.csv,,mode=v2 batch_size=16 n=1048576 total=16777216 threshold=0 keep_prob=0.500 total_count=8453139 avg_ms=0.426643 logical_gbps=275.872 csv=reports/benchmark/v2_b16_n1048576_t0_p0.5_skill_default.csv,
PASS,v3,16,1048576,0.5,0,0.271823,432.997,8453139,0.117699,0.342,reports/benchmark/v3_b16_n1048576_t0_p0.5_skill_default.csv,,mode=v3 batch_size=16 n=1048576 total=16777216 threshold=0 keep_prob=0.500 total_count=8453139 avg_ms=0.271823 logical_gbps=432.997 csv=reports/benchmark/v3_b16_n1048576_t0_p0.5_skill_default.csv,
PASS,v4,16,1048576,0.5,0,0.271747,433.119,8453139,0.117699,0.376,reports/benchmark/v4_b16_n1048576_t0_p0.5_skill_default.csv,,mode=v4 batch_size=16 n=1048576 total=16777216 threshold=0 keep_prob=0.500 total_count=8453139 avg_ms=0.271747 logical_gbps=433.119 csv=reports/benchmark/v4_b16_n1048576_t0_p0.5_skill_default.csv,
PASS,v5,16,1048576,0.5,0,0.276092,426.303,8453139,0.117699,0.342,reports/benchmark/v5_b16_n1048576_t0_p0.5_skill_default.csv,,mode=v5 batch_size=16 n=1048576 total=16777216 threshold=0 keep_prob=0.500 total_count=8453139 avg_ms=0.276092 logical_gbps=426.303 csv=reports/benchmark/v5_b16_n1048576_t0_p0.5_skill_default.csv,
PASS,library_cub_device_select,16,1048576,0.9,0,0.229544,512.749,8453139,0.117699,0.325,reports/benchmark/library_cub_device_select_b16_n1048576_t0_p0.9_skill_default.csv,,mode=library_cub_device_select batch_size=16 n=1048576 total=16777216 threshold=0 keep_prob=0.900 total_count=8453139 avg_ms=0.229544 logical_gbps=512.749 csv=reports/benchmark/library_cub_device_select_b16_n1048576_t0_p0.9_skill_default.csv,
PASS,v1,16,1048576,0.9,0,0.434748,270.729,8453139,0.117699,0.361,reports/benchmark/v1_b16_n1048576_t0_p0.9_skill_default.csv,,mode=v1 batch_size=16 n=1048576 total=16777216 threshold=0 keep_prob=0.900 total_count=8453139 avg_ms=0.434748 logical_gbps=270.729 csv=reports/benchmark/v1_b16_n1048576_t0_p0.9_skill_default.csv,
PASS,v2,16,1048576,0.9,0,0.427668,275.21,8453139,0.117699,0.377,reports/benchmark/v2_b16_n1048576_t0_p0.9_skill_default.csv,,mode=v2 batch_size=16 n=1048576 total=16777216 threshold=0 keep_prob=0.900 total_count=8453139 avg_ms=0.427668 logical_gbps=275.210 csv=reports/benchmark/v2_b16_n1048576_t0_p0.9_skill_default.csv,
PASS,v3,16,1048576,0.9,0,0.27147,433.56,8453139,0.117699,0.375,reports/benchmark/v3_b16_n1048576_t0_p0.9_skill_default.csv,,mode=v3 batch_size=16 n=1048576 total=16777216 threshold=0 keep_prob=0.900 total_count=8453139 avg_ms=0.271470 logical_gbps=433.560 csv=reports/benchmark/v3_b16_n1048576_t0_p0.9_skill_default.csv,
PASS,v4,16,1048576,0.9,0,0.271893,432.885,8453139,0.117699,0.365,reports/benchmark/v4_b16_n1048576_t0_p0.9_skill_default.csv,,mode=v4 batch_size=16 n=1048576 total=16777216 threshold=0 keep_prob=0.900 total_count=8453139 avg_ms=0.271893 logical_gbps=432.885 csv=reports/benchmark/v4_b16_n1048576_t0_p0.9_skill_default.csv,
PASS,v5,16,1048576,0.9,0,0.275797,426.759,8453139,0.117699,0.374,reports/benchmark/v5_b16_n1048576_t0_p0.9_skill_default.csv,,mode=v5 batch_size=16 n=1048576 total=16777216 threshold=0 keep_prob=0.900 total_count=8453139 avg_ms=0.275797 logical_gbps=426.759 csv=reports/benchmark/v5_b16_n1048576_t0_p0.9_skill_default.csv,
PASS,library_cub_device_select,16,1048576,0.99,0,0.229613,512.596,8453139,0.117699,0.329,reports/benchmark/library_cub_device_select_b16_n1048576_t0_p0.99_skill_default.csv,,mode=library_cub_device_select batch_size=16 n=1048576 total=16777216 threshold=0 keep_prob=0.990 total_count=8453139 avg_ms=0.229613 logical_gbps=512.596 csv=reports/benchmark/library_cub_device_select_b16_n1048576_t0_p0.99_skill_default.csv,
PASS,v1,16,1048576,0.99,0,0.434928,270.616,8453139,0.117699,0.379,reports/benchmark/v1_b16_n1048576_t0_p0.99_skill_default.csv,,mode=v1 batch_size=16 n=1048576 total=16777216 threshold=0 keep_prob=0.990 total_count=8453139 avg_ms=0.434928 logical_gbps=270.616 csv=reports/benchmark/v1_b16_n1048576_t0_p0.99_skill_default.csv,
PASS,v2,16,1048576,0.99,0,0.426603,275.898,8453139,0.117699,0.391,reports/benchmark/v2_b16_n1048576_t0_p0.99_skill_default.csv,,mode=v2 batch_size=16 n=1048576 total=16777216 threshold=0 keep_prob=0.990 total_count=8453139 avg_ms=0.426603 logical_gbps=275.898 csv=reports/benchmark/v2_b16_n1048576_t0_p0.99_skill_default.csv,
PASS,v3,16,1048576,0.99,0,0.271363,433.731,8453139,0.117699,0.361,reports/benchmark/v3_b16_n1048576_t0_p0.99_skill_default.csv,,mode=v3 batch_size=16 n=1048576 total=16777216 threshold=0 keep_prob=0.990 total_count=8453139 avg_ms=0.271363 logical_gbps=433.731 csv=reports/benchmark/v3_b16_n1048576_t0_p0.99_skill_default.csv,
PASS,v4,16,1048576,0.99,0,0.271805,433.026,8453139,0.117699,0.339,reports/benchmark/v4_b16_n1048576_t0_p0.99_skill_default.csv,,mode=v4 batch_size=16 n=1048576 total=16777216 threshold=0 keep_prob=0.990 total_count=8453139 avg_ms=0.271805 logical_gbps=433.026 csv=reports/benchmark/v4_b16_n1048576_t0_p0.99_skill_default.csv,
PASS,v5,16,1048576,0.99,0,0.275534,427.166,8453139,0.117699,0.340,reports/benchmark/v5_b16_n1048576_t0_p0.99_skill_default.csv,,mode=v5 batch_size=16 n=1048576 total=16777216 threshold=0 keep_prob=0.990 total_count=8453139 avg_ms=0.275534 logical_gbps=427.166 csv=reports/benchmark/v5_b16_n1048576_t0_p0.99_skill_default.csv,
