status,mode,batch_size,n,keep_prob,threshold,avg_ms,logical_gbps,total_count,logical_gb,elapsed_s,csv,reason,stdout,stderr
PASS,library_cub_device_select,1,1024,0.01,0,0.00629504,1.12597,491,7.088e-06,0.282,reports/benchmark/library_cub_device_select_b1_n1024_t0_p0.01_daily.csv,,mode=library_cub_device_select batch_size=1 n=1024 total=1024 threshold=0 keep_prob=0.010 total_count=491 avg_ms=0.006295 logical_gbps=1.126 csv=reports/benchmark/library_cub_device_select_b1_n1024_t0_p0.01_daily.csv,
PASS,v2,1,1024,0.01,0,0.00884864,0.801027,491,7.088e-06,0.195,reports/benchmark/v2_b1_n1024_t0_p0.01_daily.csv,,mode=v2 batch_size=1 n=1024 total=1024 threshold=0 keep_prob=0.010 total_count=491 avg_ms=0.008849 logical_gbps=0.801 csv=reports/benchmark/v2_b1_n1024_t0_p0.01_daily.csv,
PASS,v3,1,1024,0.01,0,0.00885376,0.800564,491,7.088e-06,0.200,reports/benchmark/v3_b1_n1024_t0_p0.01_daily.csv,,mode=v3 batch_size=1 n=1024 total=1024 threshold=0 keep_prob=0.010 total_count=491 avg_ms=0.008854 logical_gbps=0.801 csv=reports/benchmark/v3_b1_n1024_t0_p0.01_daily.csv,
PASS,v4,1,1024,0.01,0,0.008872,0.798918,491,7.088e-06,0.200,reports/benchmark/v4_b1_n1024_t0_p0.01_daily.csv,,mode=v4 batch_size=1 n=1024 total=1024 threshold=0 keep_prob=0.010 total_count=491 avg_ms=0.008872 logical_gbps=0.799 csv=reports/benchmark/v4_b1_n1024_t0_p0.01_daily.csv,
PASS,v5,1,1024,0.01,0,0.00885056,0.800853,491,7.088e-06,0.200,reports/benchmark/v5_b1_n1024_t0_p0.01_daily.csv,,mode=v5 batch_size=1 n=1024 total=1024 threshold=0 keep_prob=0.010 total_count=491 avg_ms=0.008851 logical_gbps=0.801 csv=reports/benchmark/v5_b1_n1024_t0_p0.01_daily.csv,
PASS,library_cub_device_select,1,1024,0.1,0,0.00630304,1.12454,491,7.088e-06,0.200,reports/benchmark/library_cub_device_select_b1_n1024_t0_p0.1_daily.csv,,mode=library_cub_device_select batch_size=1 n=1024 total=1024 threshold=0 keep_prob=0.100 total_count=491 avg_ms=0.006303 logical_gbps=1.125 csv=reports/benchmark/library_cub_device_select_b1_n1024_t0_p0.1_daily.csv,
PASS,v2,1,1024,0.1,0,0.0088048,0.805015,491,7.088e-06,0.201,reports/benchmark/v2_b1_n1024_t0_p0.1_daily.csv,,mode=v2 batch_size=1 n=1024 total=1024 threshold=0 keep_prob=0.100 total_count=491 avg_ms=0.008805 logical_gbps=0.805 csv=reports/benchmark/v2_b1_n1024_t0_p0.1_daily.csv,
PASS,v3,1,1024,0.1,0,0.00886656,0.799408,491,7.088e-06,0.200,reports/benchmark/v3_b1_n1024_t0_p0.1_daily.csv,,mode=v3 batch_size=1 n=1024 total=1024 threshold=0 keep_prob=0.100 total_count=491 avg_ms=0.008867 logical_gbps=0.799 csv=reports/benchmark/v3_b1_n1024_t0_p0.1_daily.csv,
PASS,v4,1,1024,0.1,0,0.00884032,0.801781,491,7.088e-06,0.187,reports/benchmark/v4_b1_n1024_t0_p0.1_daily.csv,,mode=v4 batch_size=1 n=1024 total=1024 threshold=0 keep_prob=0.100 total_count=491 avg_ms=0.008840 logical_gbps=0.802 csv=reports/benchmark/v4_b1_n1024_t0_p0.1_daily.csv,
PASS,v5,1,1024,0.1,0,0.00883744,0.802042,491,7.088e-06,0.180,reports/benchmark/v5_b1_n1024_t0_p0.1_daily.csv,,mode=v5 batch_size=1 n=1024 total=1024 threshold=0 keep_prob=0.100 total_count=491 avg_ms=0.008837 logical_gbps=0.802 csv=reports/benchmark/v5_b1_n1024_t0_p0.1_daily.csv,
PASS,library_cub_device_select,1,1024,0.5,0,0.00624736,1.13456,491,7.088e-06,0.191,reports/benchmark/library_cub_device_select_b1_n1024_t0_p0.5_daily.csv,,mode=library_cub_device_select batch_size=1 n=1024 total=1024 threshold=0 keep_prob=0.500 total_count=491 avg_ms=0.006247 logical_gbps=1.135 csv=reports/benchmark/library_cub_device_select_b1_n1024_t0_p0.5_daily.csv,
PASS,v2,1,1024,0.5,0,0.00883104,0.802623,491,7.088e-06,0.200,reports/benchmark/v2_b1_n1024_t0_p0.5_daily.csv,,mode=v2 batch_size=1 n=1024 total=1024 threshold=0 keep_prob=0.500 total_count=491 avg_ms=0.008831 logical_gbps=0.803 csv=reports/benchmark/v2_b1_n1024_t0_p0.5_daily.csv,
PASS,v3,1,1024,0.5,0,0.00886592,0.799466,491,7.088e-06,0.200,reports/benchmark/v3_b1_n1024_t0_p0.5_daily.csv,,mode=v3 batch_size=1 n=1024 total=1024 threshold=0 keep_prob=0.500 total_count=491 avg_ms=0.008866 logical_gbps=0.799 csv=reports/benchmark/v3_b1_n1024_t0_p0.5_daily.csv,
PASS,v4,1,1024,0.5,0,0.00883904,0.801897,491,7.088e-06,0.184,reports/benchmark/v4_b1_n1024_t0_p0.5_daily.csv,,mode=v4 batch_size=1 n=1024 total=1024 threshold=0 keep_prob=0.500 total_count=491 avg_ms=0.008839 logical_gbps=0.802 csv=reports/benchmark/v4_b1_n1024_t0_p0.5_daily.csv,
PASS,v5,1,1024,0.5,0,0.00884448,0.801404,491,7.088e-06,0.184,reports/benchmark/v5_b1_n1024_t0_p0.5_daily.csv,,mode=v5 batch_size=1 n=1024 total=1024 threshold=0 keep_prob=0.500 total_count=491 avg_ms=0.008844 logical_gbps=0.801 csv=reports/benchmark/v5_b1_n1024_t0_p0.5_daily.csv,
PASS,library_cub_device_select,1,1024,0.9,0,0.00628832,1.12717,491,7.088e-06,0.180,reports/benchmark/library_cub_device_select_b1_n1024_t0_p0.9_daily.csv,,mode=library_cub_device_select batch_size=1 n=1024 total=1024 threshold=0 keep_prob=0.900 total_count=491 avg_ms=0.006288 logical_gbps=1.127 csv=reports/benchmark/library_cub_device_select_b1_n1024_t0_p0.9_daily.csv,
PASS,v2,1,1024,0.9,0,0.00884672,0.801201,491,7.088e-06,0.189,reports/benchmark/v2_b1_n1024_t0_p0.9_daily.csv,,mode=v2 batch_size=1 n=1024 total=1024 threshold=0 keep_prob=0.900 total_count=491 avg_ms=0.008847 logical_gbps=0.801 csv=reports/benchmark/v2_b1_n1024_t0_p0.9_daily.csv,
PASS,v3,1,1024,0.9,0,0.00884992,0.800911,491,7.088e-06,0.189,reports/benchmark/v3_b1_n1024_t0_p0.9_daily.csv,,mode=v3 batch_size=1 n=1024 total=1024 threshold=0 keep_prob=0.900 total_count=491 avg_ms=0.008850 logical_gbps=0.801 csv=reports/benchmark/v3_b1_n1024_t0_p0.9_daily.csv,
PASS,v4,1,1024,0.9,0,0.00881952,0.803672,491,7.088e-06,0.180,reports/benchmark/v4_b1_n1024_t0_p0.9_daily.csv,,mode=v4 batch_size=1 n=1024 total=1024 threshold=0 keep_prob=0.900 total_count=491 avg_ms=0.008820 logical_gbps=0.804 csv=reports/benchmark/v4_b1_n1024_t0_p0.9_daily.csv,
PASS,v5,1,1024,0.9,0,0.00884224,0.801607,491,7.088e-06,0.213,reports/benchmark/v5_b1_n1024_t0_p0.9_daily.csv,,mode=v5 batch_size=1 n=1024 total=1024 threshold=0 keep_prob=0.900 total_count=491 avg_ms=0.008842 logical_gbps=0.802 csv=reports/benchmark/v5_b1_n1024_t0_p0.9_daily.csv,
PASS,library_cub_device_select,1,1024,0.99,0,0.00622464,1.1387,491,7.088e-06,0.200,reports/benchmark/library_cub_device_select_b1_n1024_t0_p0.99_daily.csv,,mode=library_cub_device_select batch_size=1 n=1024 total=1024 threshold=0 keep_prob=0.990 total_count=491 avg_ms=0.006225 logical_gbps=1.139 csv=reports/benchmark/library_cub_device_select_b1_n1024_t0_p0.99_daily.csv,
PASS,v2,1,1024,0.99,0,0.00883648,0.802129,491,7.088e-06,0.201,reports/benchmark/v2_b1_n1024_t0_p0.99_daily.csv,,mode=v2 batch_size=1 n=1024 total=1024 threshold=0 keep_prob=0.990 total_count=491 avg_ms=0.008836 logical_gbps=0.802 csv=reports/benchmark/v2_b1_n1024_t0_p0.99_daily.csv,
PASS,v3,1,1024,0.99,0,0.00887616,0.798544,491,7.088e-06,0.196,reports/benchmark/v3_b1_n1024_t0_p0.99_daily.csv,,mode=v3 batch_size=1 n=1024 total=1024 threshold=0 keep_prob=0.990 total_count=491 avg_ms=0.008876 logical_gbps=0.799 csv=reports/benchmark/v3_b1_n1024_t0_p0.99_daily.csv,
PASS,v4,1,1024,0.99,0,0.00884544,0.801317,491,7.088e-06,0.192,reports/benchmark/v4_b1_n1024_t0_p0.99_daily.csv,,mode=v4 batch_size=1 n=1024 total=1024 threshold=0 keep_prob=0.990 total_count=491 avg_ms=0.008845 logical_gbps=0.801 csv=reports/benchmark/v4_b1_n1024_t0_p0.99_daily.csv,
PASS,v5,1,1024,0.99,0,0.00886688,0.799379,491,7.088e-06,0.184,reports/benchmark/v5_b1_n1024_t0_p0.99_daily.csv,,mode=v5 batch_size=1 n=1024 total=1024 threshold=0 keep_prob=0.990 total_count=491 avg_ms=0.008867 logical_gbps=0.799 csv=reports/benchmark/v5_b1_n1024_t0_p0.99_daily.csv,
PASS,library_cub_device_select,1,8192,0.01,0,0.00622912,9.21478,4109,5.74e-05,0.187,reports/benchmark/library_cub_device_select_b1_n8192_t0_p0.01_daily.csv,,mode=library_cub_device_select batch_size=1 n=8192 total=8192 threshold=0 keep_prob=0.010 total_count=4109 avg_ms=0.006229 logical_gbps=9.215 csv=reports/benchmark/library_cub_device_select_b1_n8192_t0_p0.01_daily.csv,
PASS,v2,1,8192,0.01,0,0.00887552,6.46723,4109,5.74e-05,0.206,reports/benchmark/v2_b1_n8192_t0_p0.01_daily.csv,,mode=v2 batch_size=1 n=8192 total=8192 threshold=0 keep_prob=0.010 total_count=4109 avg_ms=0.008876 logical_gbps=6.467 csv=reports/benchmark/v2_b1_n8192_t0_p0.01_daily.csv,
PASS,v3,1,8192,0.01,0,0.00881856,6.509,4109,5.74e-05,0.194,reports/benchmark/v3_b1_n8192_t0_p0.01_daily.csv,,mode=v3 batch_size=1 n=8192 total=8192 threshold=0 keep_prob=0.010 total_count=4109 avg_ms=0.008819 logical_gbps=6.509 csv=reports/benchmark/v3_b1_n8192_t0_p0.01_daily.csv,
PASS,v4,1,8192,0.01,0,0.0088976,6.45118,4109,5.74e-05,0.194,reports/benchmark/v4_b1_n8192_t0_p0.01_daily.csv,,mode=v4 batch_size=1 n=8192 total=8192 threshold=0 keep_prob=0.010 total_count=4109 avg_ms=0.008898 logical_gbps=6.451 csv=reports/benchmark/v4_b1_n8192_t0_p0.01_daily.csv,
PASS,v5,1,8192,0.01,0,0.010928,5.25256,4109,5.74e-05,0.187,reports/benchmark/v5_b1_n8192_t0_p0.01_daily.csv,,mode=v5 batch_size=1 n=8192 total=8192 threshold=0 keep_prob=0.010 total_count=4109 avg_ms=0.010928 logical_gbps=5.253 csv=reports/benchmark/v5_b1_n8192_t0_p0.01_daily.csv,
PASS,library_cub_device_select,1,8192,0.1,0,0.0062064,9.24852,4109,5.74e-05,0.179,reports/benchmark/library_cub_device_select_b1_n8192_t0_p0.1_daily.csv,,mode=library_cub_device_select batch_size=1 n=8192 total=8192 threshold=0 keep_prob=0.100 total_count=4109 avg_ms=0.006206 logical_gbps=9.249 csv=reports/benchmark/library_cub_device_select_b1_n8192_t0_p0.1_daily.csv,
PASS,v2,1,8192,0.1,0,0.00885472,6.48242,4109,5.74e-05,0.199,reports/benchmark/v2_b1_n8192_t0_p0.1_daily.csv,,mode=v2 batch_size=1 n=8192 total=8192 threshold=0 keep_prob=0.100 total_count=4109 avg_ms=0.008855 logical_gbps=6.482 csv=reports/benchmark/v2_b1_n8192_t0_p0.1_daily.csv,
PASS,v3,1,8192,0.1,0,0.00886784,6.47283,4109,5.74e-05,0.190,reports/benchmark/v3_b1_n8192_t0_p0.1_daily.csv,,mode=v3 batch_size=1 n=8192 total=8192 threshold=0 keep_prob=0.100 total_count=4109 avg_ms=0.008868 logical_gbps=6.473 csv=reports/benchmark/v3_b1_n8192_t0_p0.1_daily.csv,
PASS,v4,1,8192,0.1,0,0.00901408,6.36782,4109,5.74e-05,0.200,reports/benchmark/v4_b1_n8192_t0_p0.1_daily.csv,,mode=v4 batch_size=1 n=8192 total=8192 threshold=0 keep_prob=0.100 total_count=4109 avg_ms=0.009014 logical_gbps=6.368 csv=reports/benchmark/v4_b1_n8192_t0_p0.1_daily.csv,
PASS,v5,1,8192,0.1,0,0.0109107,5.26088,4109,5.74e-05,0.190,reports/benchmark/v5_b1_n8192_t0_p0.1_daily.csv,,mode=v5 batch_size=1 n=8192 total=8192 threshold=0 keep_prob=0.100 total_count=4109 avg_ms=0.010911 logical_gbps=5.261 csv=reports/benchmark/v5_b1_n8192_t0_p0.1_daily.csv,
PASS,library_cub_device_select,1,8192,0.5,0,0.00618208,9.2849,4109,5.74e-05,0.200,reports/benchmark/library_cub_device_select_b1_n8192_t0_p0.5_daily.csv,,mode=library_cub_device_select batch_size=1 n=8192 total=8192 threshold=0 keep_prob=0.500 total_count=4109 avg_ms=0.006182 logical_gbps=9.285 csv=reports/benchmark/library_cub_device_select_b1_n8192_t0_p0.5_daily.csv,
PASS,v2,1,8192,0.5,0,0.00885088,6.48523,4109,5.74e-05,0.200,reports/benchmark/v2_b1_n8192_t0_p0.5_daily.csv,,mode=v2 batch_size=1 n=8192 total=8192 threshold=0 keep_prob=0.500 total_count=4109 avg_ms=0.008851 logical_gbps=6.485 csv=reports/benchmark/v2_b1_n8192_t0_p0.5_daily.csv,
PASS,v3,1,8192,0.5,0,0.00886336,6.4761,4109,5.74e-05,0.201,reports/benchmark/v3_b1_n8192_t0_p0.5_daily.csv,,mode=v3 batch_size=1 n=8192 total=8192 threshold=0 keep_prob=0.500 total_count=4109 avg_ms=0.008863 logical_gbps=6.476 csv=reports/benchmark/v3_b1_n8192_t0_p0.5_daily.csv,
PASS,v4,1,8192,0.5,0,0.00899648,6.38027,4109,5.74e-05,0.199,reports/benchmark/v4_b1_n8192_t0_p0.5_daily.csv,,mode=v4 batch_size=1 n=8192 total=8192 threshold=0 keep_prob=0.500 total_count=4109 avg_ms=0.008996 logical_gbps=6.380 csv=reports/benchmark/v4_b1_n8192_t0_p0.5_daily.csv,
PASS,v5,1,8192,0.5,0,0.0108838,5.27387,4109,5.74e-05,0.187,reports/benchmark/v5_b1_n8192_t0_p0.5_daily.csv,,mode=v5 batch_size=1 n=8192 total=8192 threshold=0 keep_prob=0.500 total_count=4109 avg_ms=0.010884 logical_gbps=5.274 csv=reports/benchmark/v5_b1_n8192_t0_p0.5_daily.csv,
PASS,library_cub_device_select,1,8192,0.9,0,0.00618848,9.2753,4109,5.74e-05,0.213,reports/benchmark/library_cub_device_select_b1_n8192_t0_p0.9_daily.csv,,mode=library_cub_device_select batch_size=1 n=8192 total=8192 threshold=0 keep_prob=0.900 total_count=4109 avg_ms=0.006188 logical_gbps=9.275 csv=reports/benchmark/library_cub_device_select_b1_n8192_t0_p0.9_daily.csv,
PASS,v2,1,8192,0.9,0,0.00885024,6.4857,4109,5.74e-05,0.190,reports/benchmark/v2_b1_n8192_t0_p0.9_daily.csv,,mode=v2 batch_size=1 n=8192 total=8192 threshold=0 keep_prob=0.900 total_count=4109 avg_ms=0.008850 logical_gbps=6.486 csv=reports/benchmark/v2_b1_n8192_t0_p0.9_daily.csv,
PASS,v3,1,8192,0.9,0,0.008872,6.46979,4109,5.74e-05,0.189,reports/benchmark/v3_b1_n8192_t0_p0.9_daily.csv,,mode=v3 batch_size=1 n=8192 total=8192 threshold=0 keep_prob=0.900 total_count=4109 avg_ms=0.008872 logical_gbps=6.470 csv=reports/benchmark/v3_b1_n8192_t0_p0.9_daily.csv,
PASS,v4,1,8192,0.9,0,0.00890656,6.44469,4109,5.74e-05,0.184,reports/benchmark/v4_b1_n8192_t0_p0.9_daily.csv,,mode=v4 batch_size=1 n=8192 total=8192 threshold=0 keep_prob=0.900 total_count=4109 avg_ms=0.008907 logical_gbps=6.445 csv=reports/benchmark/v4_b1_n8192_t0_p0.9_daily.csv,
PASS,v5,1,8192,0.9,0,0.0109274,5.25287,4109,5.74e-05,0.183,reports/benchmark/v5_b1_n8192_t0_p0.9_daily.csv,,mode=v5 batch_size=1 n=8192 total=8192 threshold=0 keep_prob=0.900 total_count=4109 avg_ms=0.010927 logical_gbps=5.253 csv=reports/benchmark/v5_b1_n8192_t0_p0.9_daily.csv,
PASS,library_cub_device_select,1,8192,0.99,0,0.00618944,9.27386,4109,5.74e-05,0.179,reports/benchmark/library_cub_device_select_b1_n8192_t0_p0.99_daily.csv,,mode=library_cub_device_select batch_size=1 n=8192 total=8192 threshold=0 keep_prob=0.990 total_count=4109 avg_ms=0.006189 logical_gbps=9.274 csv=reports/benchmark/library_cub_device_select_b1_n8192_t0_p0.99_daily.csv,
PASS,v2,1,8192,0.99,0,0.00886272,6.47657,4109,5.74e-05,0.192,reports/benchmark/v2_b1_n8192_t0_p0.99_daily.csv,,mode=v2 batch_size=1 n=8192 total=8192 threshold=0 keep_prob=0.990 total_count=4109 avg_ms=0.008863 logical_gbps=6.477 csv=reports/benchmark/v2_b1_n8192_t0_p0.99_daily.csv,
PASS,v3,1,8192,0.99,0,0.00885056,6.48546,4109,5.74e-05,0.202,reports/benchmark/v3_b1_n8192_t0_p0.99_daily.csv,,mode=v3 batch_size=1 n=8192 total=8192 threshold=0 keep_prob=0.990 total_count=4109 avg_ms=0.008851 logical_gbps=6.485 csv=reports/benchmark/v3_b1_n8192_t0_p0.99_daily.csv,
PASS,v4,1,8192,0.99,0,0.00894976,6.41358,4109,5.74e-05,0.186,reports/benchmark/v4_b1_n8192_t0_p0.99_daily.csv,,mode=v4 batch_size=1 n=8192 total=8192 threshold=0 keep_prob=0.990 total_count=4109 avg_ms=0.008950 logical_gbps=6.414 csv=reports/benchmark/v4_b1_n8192_t0_p0.99_daily.csv,
PASS,v5,1,8192,0.99,0,0.0109238,5.25456,4109,5.74e-05,0.194,reports/benchmark/v5_b1_n8192_t0_p0.99_daily.csv,,mode=v5 batch_size=1 n=8192 total=8192 threshold=0 keep_prob=0.990 total_count=4109 avg_ms=0.010924 logical_gbps=5.255 csv=reports/benchmark/v5_b1_n8192_t0_p0.99_daily.csv,
PASS,library_cub_device_select,1,131072,0.01,0,0.00618144,148.677,65918,0.000919036,0.188,reports/benchmark/library_cub_device_select_b1_n131072_t0_p0.01_daily.csv,,mode=library_cub_device_select batch_size=1 n=131072 total=131072 threshold=0 keep_prob=0.010 total_count=65918 avg_ms=0.006181 logical_gbps=148.677 csv=reports/benchmark/library_cub_device_select_b1_n131072_t0_p0.01_daily.csv,
PASS,v2,1,131072,0.01,0,0.012727,72.2113,65918,0.000919036,0.212,reports/benchmark/v2_b1_n131072_t0_p0.01_daily.csv,,mode=v2 batch_size=1 n=131072 total=131072 threshold=0 keep_prob=0.010 total_count=65918 avg_ms=0.012727 logical_gbps=72.211 csv=reports/benchmark/v2_b1_n131072_t0_p0.01_daily.csv,
PASS,v3,1,131072,0.01,0,0.00902848,101.793,65918,0.000919036,0.200,reports/benchmark/v3_b1_n131072_t0_p0.01_daily.csv,,mode=v3 batch_size=1 n=131072 total=131072 threshold=0 keep_prob=0.010 total_count=65918 avg_ms=0.009028 logical_gbps=101.793 csv=reports/benchmark/v3_b1_n131072_t0_p0.01_daily.csv,
PASS,v4,1,131072,0.01,0,0.00996928,92.1868,65918,0.000919036,0.188,reports/benchmark/v4_b1_n131072_t0_p0.01_daily.csv,,mode=v4 batch_size=1 n=131072 total=131072 threshold=0 keep_prob=0.010 total_count=65918 avg_ms=0.009969 logical_gbps=92.187 csv=reports/benchmark/v4_b1_n131072_t0_p0.01_daily.csv,
PASS,v5,1,131072,0.01,0,0.0110998,82.7972,65918,0.000919036,0.202,reports/benchmark/v5_b1_n131072_t0_p0.01_daily.csv,,mode=v5 batch_size=1 n=131072 total=131072 threshold=0 keep_prob=0.010 total_count=65918 avg_ms=0.011100 logical_gbps=82.797 csv=reports/benchmark/v5_b1_n131072_t0_p0.01_daily.csv,
PASS,library_cub_device_select,1,131072,0.1,0,0.00619904,148.255,65918,0.000919036,0.195,reports/benchmark/library_cub_device_select_b1_n131072_t0_p0.1_daily.csv,,mode=library_cub_device_select batch_size=1 n=131072 total=131072 threshold=0 keep_prob=0.100 total_count=65918 avg_ms=0.006199 logical_gbps=148.255 csv=reports/benchmark/library_cub_device_select_b1_n131072_t0_p0.1_daily.csv,
PASS,v2,1,131072,0.1,0,0.0127587,72.032,65918,0.000919036,0.194,reports/benchmark/v2_b1_n131072_t0_p0.1_daily.csv,,mode=v2 batch_size=1 n=131072 total=131072 threshold=0 keep_prob=0.100 total_count=65918 avg_ms=0.012759 logical_gbps=72.032 csv=reports/benchmark/v2_b1_n131072_t0_p0.1_daily.csv,
PASS,v3,1,131072,0.1,0,0.00904992,101.552,65918,0.000919036,0.201,reports/benchmark/v3_b1_n131072_t0_p0.1_daily.csv,,mode=v3 batch_size=1 n=131072 total=131072 threshold=0 keep_prob=0.100 total_count=65918 avg_ms=0.009050 logical_gbps=101.552 csv=reports/benchmark/v3_b1_n131072_t0_p0.1_daily.csv,
PASS,v4,1,131072,0.1,0,0.00991168,92.7225,65918,0.000919036,0.200,reports/benchmark/v4_b1_n131072_t0_p0.1_daily.csv,,mode=v4 batch_size=1 n=131072 total=131072 threshold=0 keep_prob=0.100 total_count=65918 avg_ms=0.009912 logical_gbps=92.723 csv=reports/benchmark/v4_b1_n131072_t0_p0.1_daily.csv,
PASS,v5,1,131072,0.1,0,0.0110211,83.3886,65918,0.000919036,0.190,reports/benchmark/v5_b1_n131072_t0_p0.1_daily.csv,,mode=v5 batch_size=1 n=131072 total=131072 threshold=0 keep_prob=0.100 total_count=65918 avg_ms=0.011021 logical_gbps=83.389 csv=reports/benchmark/v5_b1_n131072_t0_p0.1_daily.csv,
PASS,library_cub_device_select,1,131072,0.5,0,0.00618176,148.669,65918,0.000919036,0.190,reports/benchmark/library_cub_device_select_b1_n131072_t0_p0.5_daily.csv,,mode=library_cub_device_select batch_size=1 n=131072 total=131072 threshold=0 keep_prob=0.500 total_count=65918 avg_ms=0.006182 logical_gbps=148.669 csv=reports/benchmark/library_cub_device_select_b1_n131072_t0_p0.5_daily.csv,
PASS,v2,1,131072,0.5,0,0.0127539,72.0591,65918,0.000919036,0.204,reports/benchmark/v2_b1_n131072_t0_p0.5_daily.csv,,mode=v2 batch_size=1 n=131072 total=131072 threshold=0 keep_prob=0.500 total_count=65918 avg_ms=0.012754 logical_gbps=72.059 csv=reports/benchmark/v2_b1_n131072_t0_p0.5_daily.csv,
PASS,v3,1,131072,0.5,0,0.00895328,102.648,65918,0.000919036,0.196,reports/benchmark/v3_b1_n131072_t0_p0.5_daily.csv,,mode=v3 batch_size=1 n=131072 total=131072 threshold=0 keep_prob=0.500 total_count=65918 avg_ms=0.008953 logical_gbps=102.648 csv=reports/benchmark/v3_b1_n131072_t0_p0.5_daily.csv,
PASS,v4,1,131072,0.5,0,0.0101818,90.263,65918,0.000919036,0.200,reports/benchmark/v4_b1_n131072_t0_p0.5_daily.csv,,mode=v4 batch_size=1 n=131072 total=131072 threshold=0 keep_prob=0.500 total_count=65918 avg_ms=0.010182 logical_gbps=90.263 csv=reports/benchmark/v4_b1_n131072_t0_p0.5_daily.csv,
PASS,v5,1,131072,0.5,0,0.011047,83.193,65918,0.000919036,0.200,reports/benchmark/v5_b1_n131072_t0_p0.5_daily.csv,,mode=v5 batch_size=1 n=131072 total=131072 threshold=0 keep_prob=0.500 total_count=65918 avg_ms=0.011047 logical_gbps=83.193 csv=reports/benchmark/v5_b1_n131072_t0_p0.5_daily.csv,
PASS,library_cub_device_select,1,131072,0.9,0,0.00620384,148.14,65918,0.000919036,0.200,reports/benchmark/library_cub_device_select_b1_n131072_t0_p0.9_daily.csv,,mode=library_cub_device_select batch_size=1 n=131072 total=131072 threshold=0 keep_prob=0.900 total_count=65918 avg_ms=0.006204 logical_gbps=148.140 csv=reports/benchmark/library_cub_device_select_b1_n131072_t0_p0.9_daily.csv,
PASS,v2,1,131072,0.9,0,0.0127574,72.0392,65918,0.000919036,0.201,reports/benchmark/v2_b1_n131072_t0_p0.9_daily.csv,,mode=v2 batch_size=1 n=131072 total=131072 threshold=0 keep_prob=0.900 total_count=65918 avg_ms=0.012757 logical_gbps=72.039 csv=reports/benchmark/v2_b1_n131072_t0_p0.9_daily.csv,
PASS,v3,1,131072,0.9,0,0.008968,102.479,65918,0.000919036,0.189,reports/benchmark/v3_b1_n131072_t0_p0.9_daily.csv,,mode=v3 batch_size=1 n=131072 total=131072 threshold=0 keep_prob=0.900 total_count=65918 avg_ms=0.008968 logical_gbps=102.479 csv=reports/benchmark/v3_b1_n131072_t0_p0.9_daily.csv,
PASS,v4,1,131072,0.9,0,0.0100694,91.2698,65918,0.000919036,0.192,reports/benchmark/v4_b1_n131072_t0_p0.9_daily.csv,,mode=v4 batch_size=1 n=131072 total=131072 threshold=0 keep_prob=0.900 total_count=65918 avg_ms=0.010069 logical_gbps=91.270 csv=reports/benchmark/v4_b1_n131072_t0_p0.9_daily.csv,
PASS,v5,1,131072,0.9,0,0.0110854,82.9048,65918,0.000919036,0.188,reports/benchmark/v5_b1_n131072_t0_p0.9_daily.csv,,mode=v5 batch_size=1 n=131072 total=131072 threshold=0 keep_prob=0.900 total_count=65918 avg_ms=0.011085 logical_gbps=82.905 csv=reports/benchmark/v5_b1_n131072_t0_p0.9_daily.csv,
PASS,library_cub_device_select,1,131072,0.99,0,0.00616224,149.14,65918,0.000919036,0.180,reports/benchmark/library_cub_device_select_b1_n131072_t0_p0.99_daily.csv,,mode=library_cub_device_select batch_size=1 n=131072 total=131072 threshold=0 keep_prob=0.990 total_count=65918 avg_ms=0.006162 logical_gbps=149.140 csv=reports/benchmark/library_cub_device_select_b1_n131072_t0_p0.99_daily.csv,
PASS,v2,1,131072,0.99,0,0.0127494,72.0844,65918,0.000919036,0.191,reports/benchmark/v2_b1_n131072_t0_p0.99_daily.csv,,mode=v2 batch_size=1 n=131072 total=131072 threshold=0 keep_prob=0.990 total_count=65918 avg_ms=0.012749 logical_gbps=72.084 csv=reports/benchmark/v2_b1_n131072_t0_p0.99_daily.csv,
PASS,v3,1,131072,0.99,0,0.0089744,102.406,65918,0.000919036,0.183,reports/benchmark/v3_b1_n131072_t0_p0.99_daily.csv,,mode=v3 batch_size=1 n=131072 total=131072 threshold=0 keep_prob=0.990 total_count=65918 avg_ms=0.008974 logical_gbps=102.406 csv=reports/benchmark/v3_b1_n131072_t0_p0.99_daily.csv,
PASS,v4,1,131072,0.99,0,0.0100566,91.386,65918,0.000919036,0.203,reports/benchmark/v4_b1_n131072_t0_p0.99_daily.csv,,mode=v4 batch_size=1 n=131072 total=131072 threshold=0 keep_prob=0.990 total_count=65918 avg_ms=0.010057 logical_gbps=91.386 csv=reports/benchmark/v4_b1_n131072_t0_p0.99_daily.csv,
PASS,v5,1,131072,0.99,0,0.011145,82.462,65918,0.000919036,0.183,reports/benchmark/v5_b1_n131072_t0_p0.99_daily.csv,,mode=v5 batch_size=1 n=131072 total=131072 threshold=0 keep_prob=0.990 total_count=65918 avg_ms=0.011145 logical_gbps=82.462 csv=reports/benchmark/v5_b1_n131072_t0_p0.99_daily.csv,
PASS,library_cub_device_select,1,1048576,0.01,0,0.0102816,715.66,528812,0.00735813,0.191,reports/benchmark/library_cub_device_select_b1_n1048576_t0_p0.01_daily.csv,,mode=library_cub_device_select batch_size=1 n=1048576 total=1048576 threshold=0 keep_prob=0.010 total_count=528812 avg_ms=0.010282 logical_gbps=715.660 csv=reports/benchmark/library_cub_device_select_b1_n1048576_t0_p0.01_daily.csv,
PASS,v2,1,1048576,0.01,0,0.0313824,234.467,528812,0.00735813,0.203,reports/benchmark/v2_b1_n1048576_t0_p0.01_daily.csv,,mode=v2 batch_size=1 n=1048576 total=1048576 threshold=0 keep_prob=0.010 total_count=528812 avg_ms=0.031382 logical_gbps=234.467 csv=reports/benchmark/v2_b1_n1048576_t0_p0.01_daily.csv,
PASS,v3,1,1048576,0.01,0,0.0191082,385.078,528812,0.00735813,0.201,reports/benchmark/v3_b1_n1048576_t0_p0.01_daily.csv,,mode=v3 batch_size=1 n=1048576 total=1048576 threshold=0 keep_prob=0.010 total_count=528812 avg_ms=0.019108 logical_gbps=385.078 csv=reports/benchmark/v3_b1_n1048576_t0_p0.01_daily.csv,
PASS,v4,1,1048576,0.01,0,0.0190819,385.608,528812,0.00735813,0.196,reports/benchmark/v4_b1_n1048576_t0_p0.01_daily.csv,,mode=v4 batch_size=1 n=1048576 total=1048576 threshold=0 keep_prob=0.010 total_count=528812 avg_ms=0.019082 logical_gbps=385.608 csv=reports/benchmark/v4_b1_n1048576_t0_p0.01_daily.csv,
PASS,v5,1,1048576,0.01,0,0.0199581,368.679,528812,0.00735813,0.199,reports/benchmark/v5_b1_n1048576_t0_p0.01_daily.csv,,mode=v5 batch_size=1 n=1048576 total=1048576 threshold=0 keep_prob=0.010 total_count=528812 avg_ms=0.019958 logical_gbps=368.679 csv=reports/benchmark/v5_b1_n1048576_t0_p0.01_daily.csv,
PASS,library_cub_device_select,1,1048576,0.1,0,0.0102634,716.932,528812,0.00735813,0.189,reports/benchmark/library_cub_device_select_b1_n1048576_t0_p0.1_daily.csv,,mode=library_cub_device_select batch_size=1 n=1048576 total=1048576 threshold=0 keep_prob=0.100 total_count=528812 avg_ms=0.010263 logical_gbps=716.932 csv=reports/benchmark/library_cub_device_select_b1_n1048576_t0_p0.1_daily.csv,
PASS,v2,1,1048576,0.1,0,0.0313741,234.529,528812,0.00735813,0.211,reports/benchmark/v2_b1_n1048576_t0_p0.1_daily.csv,,mode=v2 batch_size=1 n=1048576 total=1048576 threshold=0 keep_prob=0.100 total_count=528812 avg_ms=0.031374 logical_gbps=234.529 csv=reports/benchmark/v2_b1_n1048576_t0_p0.1_daily.csv,
PASS,v3,1,1048576,0.1,0,0.0190858,385.53,528812,0.00735813,0.220,reports/benchmark/v3_b1_n1048576_t0_p0.1_daily.csv,,mode=v3 batch_size=1 n=1048576 total=1048576 threshold=0 keep_prob=0.100 total_count=528812 avg_ms=0.019086 logical_gbps=385.530 csv=reports/benchmark/v3_b1_n1048576_t0_p0.1_daily.csv,
PASS,v4,1,1048576,0.1,0,0.0190781,385.685,528812,0.00735813,0.200,reports/benchmark/v4_b1_n1048576_t0_p0.1_daily.csv,,mode=v4 batch_size=1 n=1048576 total=1048576 threshold=0 keep_prob=0.100 total_count=528812 avg_ms=0.019078 logical_gbps=385.685 csv=reports/benchmark/v4_b1_n1048576_t0_p0.1_daily.csv,
PASS,v5,1,1048576,0.1,0,0.0203347,361.851,528812,0.00735813,0.206,reports/benchmark/v5_b1_n1048576_t0_p0.1_daily.csv,,mode=v5 batch_size=1 n=1048576 total=1048576 threshold=0 keep_prob=0.100 total_count=528812 avg_ms=0.020335 logical_gbps=361.851 csv=reports/benchmark/v5_b1_n1048576_t0_p0.1_daily.csv,
PASS,library_cub_device_select,1,1048576,0.5,0,0.0102621,717.021,528812,0.00735813,0.207,reports/benchmark/library_cub_device_select_b1_n1048576_t0_p0.5_daily.csv,,mode=library_cub_device_select batch_size=1 n=1048576 total=1048576 threshold=0 keep_prob=0.500 total_count=528812 avg_ms=0.010262 logical_gbps=717.021 csv=reports/benchmark/library_cub_device_select_b1_n1048576_t0_p0.5_daily.csv,
PASS,v2,1,1048576,0.5,0,0.0313776,234.503,528812,0.00735813,0.193,reports/benchmark/v2_b1_n1048576_t0_p0.5_daily.csv,,mode=v2 batch_size=1 n=1048576 total=1048576 threshold=0 keep_prob=0.500 total_count=528812 avg_ms=0.031378 logical_gbps=234.503 csv=reports/benchmark/v2_b1_n1048576_t0_p0.5_daily.csv,
PASS,v3,1,1048576,0.5,0,0.0190934,385.375,528812,0.00735813,0.198,reports/benchmark/v3_b1_n1048576_t0_p0.5_daily.csv,,mode=v3 batch_size=1 n=1048576 total=1048576 threshold=0 keep_prob=0.500 total_count=528812 avg_ms=0.019093 logical_gbps=385.375 csv=reports/benchmark/v3_b1_n1048576_t0_p0.5_daily.csv,
PASS,v4,1,1048576,0.5,0,0.0190819,385.608,528812,0.00735813,0.216,reports/benchmark/v4_b1_n1048576_t0_p0.5_daily.csv,,mode=v4 batch_size=1 n=1048576 total=1048576 threshold=0 keep_prob=0.500 total_count=528812 avg_ms=0.019082 logical_gbps=385.608 csv=reports/benchmark/v4_b1_n1048576_t0_p0.5_daily.csv,
PASS,v5,1,1048576,0.5,0,0.0202259,363.797,528812,0.00735813,0.200,reports/benchmark/v5_b1_n1048576_t0_p0.5_daily.csv,,mode=v5 batch_size=1 n=1048576 total=1048576 threshold=0 keep_prob=0.500 total_count=528812 avg_ms=0.020226 logical_gbps=363.797 csv=reports/benchmark/v5_b1_n1048576_t0_p0.5_daily.csv,
PASS,library_cub_device_select,1,1048576,0.9,0,0.0102928,714.882,528812,0.00735813,0.186,reports/benchmark/library_cub_device_select_b1_n1048576_t0_p0.9_daily.csv,,mode=library_cub_device_select batch_size=1 n=1048576 total=1048576 threshold=0 keep_prob=0.900 total_count=528812 avg_ms=0.010293 logical_gbps=714.882 csv=reports/benchmark/library_cub_device_select_b1_n1048576_t0_p0.9_daily.csv,
PASS,v2,1,1048576,0.9,0,0.031392,234.395,528812,0.00735813,0.214,reports/benchmark/v2_b1_n1048576_t0_p0.9_daily.csv,,mode=v2 batch_size=1 n=1048576 total=1048576 threshold=0 keep_prob=0.900 total_count=528812 avg_ms=0.031392 logical_gbps=234.395 csv=reports/benchmark/v2_b1_n1048576_t0_p0.9_daily.csv,
PASS,v3,1,1048576,0.9,0,0.0191139,384.962,528812,0.00735813,0.205,reports/benchmark/v3_b1_n1048576_t0_p0.9_daily.csv,,mode=v3 batch_size=1 n=1048576 total=1048576 threshold=0 keep_prob=0.900 total_count=528812 avg_ms=0.019114 logical_gbps=384.962 csv=reports/benchmark/v3_b1_n1048576_t0_p0.9_daily.csv,
PASS,v4,1,1048576,0.9,0,0.0191078,385.084,528812,0.00735813,0.195,reports/benchmark/v4_b1_n1048576_t0_p0.9_daily.csv,,mode=v4 batch_size=1 n=1048576 total=1048576 threshold=0 keep_prob=0.900 total_count=528812 avg_ms=0.019108 logical_gbps=385.084 csv=reports/benchmark/v4_b1_n1048576_t0_p0.9_daily.csv,
PASS,v5,1,1048576,0.9,0,0.0202835,362.764,528812,0.00735813,0.200,reports/benchmark/v5_b1_n1048576_t0_p0.9_daily.csv,,mode=v5 batch_size=1 n=1048576 total=1048576 threshold=0 keep_prob=0.900 total_count=528812 avg_ms=0.020284 logical_gbps=362.764 csv=reports/benchmark/v5_b1_n1048576_t0_p0.9_daily.csv,
PASS,library_cub_device_select,1,1048576,0.99,0,0.0102611,717.089,528812,0.00735813,0.190,reports/benchmark/library_cub_device_select_b1_n1048576_t0_p0.99_daily.csv,,mode=library_cub_device_select batch_size=1 n=1048576 total=1048576 threshold=0 keep_prob=0.990 total_count=528812 avg_ms=0.010261 logical_gbps=717.089 csv=reports/benchmark/library_cub_device_select_b1_n1048576_t0_p0.99_daily.csv,
PASS,v2,1,1048576,0.99,0,0.0313728,234.539,528812,0.00735813,0.209,reports/benchmark/v2_b1_n1048576_t0_p0.99_daily.csv,,mode=v2 batch_size=1 n=1048576 total=1048576 threshold=0 keep_prob=0.990 total_count=528812 avg_ms=0.031373 logical_gbps=234.539 csv=reports/benchmark/v2_b1_n1048576_t0_p0.99_daily.csv,
PASS,v3,1,1048576,0.99,0,0.0190864,385.517,528812,0.00735813,0.200,reports/benchmark/v3_b1_n1048576_t0_p0.99_daily.csv,,mode=v3 batch_size=1 n=1048576 total=1048576 threshold=0 keep_prob=0.990 total_count=528812 avg_ms=0.019086 logical_gbps=385.517 csv=reports/benchmark/v3_b1_n1048576_t0_p0.99_daily.csv,
PASS,v4,1,1048576,0.99,0,0.0190886,385.472,528812,0.00735813,0.200,reports/benchmark/v4_b1_n1048576_t0_p0.99_daily.csv,,mode=v4 batch_size=1 n=1048576 total=1048576 threshold=0 keep_prob=0.990 total_count=528812 avg_ms=0.019089 logical_gbps=385.472 csv=reports/benchmark/v4_b1_n1048576_t0_p0.99_daily.csv,
PASS,v5,1,1048576,0.99,0,0.0201094,365.904,528812,0.00735813,0.200,reports/benchmark/v5_b1_n1048576_t0_p0.99_daily.csv,,mode=v5 batch_size=1 n=1048576 total=1048576 threshold=0 keep_prob=0.990 total_count=528812 avg_ms=0.020109 logical_gbps=365.904 csv=reports/benchmark/v5_b1_n1048576_t0_p0.99_daily.csv,
PASS,library_cub_device_select,2,1024,0.01,0,0.0123658,1.15513,1009,1.4284e-05,0.180,reports/benchmark/library_cub_device_select_b2_n1024_t0_p0.01_daily.csv,,mode=library_cub_device_select batch_size=2 n=1024 total=2048 threshold=0 keep_prob=0.010 total_count=1009 avg_ms=0.012366 logical_gbps=1.155 csv=reports/benchmark/library_cub_device_select_b2_n1024_t0_p0.01_daily.csv,
PASS,v2,2,1024,0.01,0,0.008848,1.61438,1009,1.4284e-05,0.189,reports/benchmark/v2_b2_n1024_t0_p0.01_daily.csv,,mode=v2 batch_size=2 n=1024 total=2048 threshold=0 keep_prob=0.010 total_count=1009 avg_ms=0.008848 logical_gbps=1.614 csv=reports/benchmark/v2_b2_n1024_t0_p0.01_daily.csv,
PASS,v3,2,1024,0.01,0,0.00883008,1.61765,1009,1.4284e-05,0.190,reports/benchmark/v3_b2_n1024_t0_p0.01_daily.csv,,mode=v3 batch_size=2 n=1024 total=2048 threshold=0 keep_prob=0.010 total_count=1009 avg_ms=0.008830 logical_gbps=1.618 csv=reports/benchmark/v3_b2_n1024_t0_p0.01_daily.csv,
PASS,v4,2,1024,0.01,0,0.00882912,1.61783,1009,1.4284e-05,0.184,reports/benchmark/v4_b2_n1024_t0_p0.01_daily.csv,,mode=v4 batch_size=2 n=1024 total=2048 threshold=0 keep_prob=0.010 total_count=1009 avg_ms=0.008829 logical_gbps=1.618 csv=reports/benchmark/v4_b2_n1024_t0_p0.01_daily.csv,
PASS,v5,2,1024,0.01,0,0.00885184,1.61368,1009,1.4284e-05,0.198,reports/benchmark/v5_b2_n1024_t0_p0.01_daily.csv,,mode=v5 batch_size=2 n=1024 total=2048 threshold=0 keep_prob=0.010 total_count=1009 avg_ms=0.008852 logical_gbps=1.614 csv=reports/benchmark/v5_b2_n1024_t0_p0.01_daily.csv,
PASS,library_cub_device_select,2,1024,0.1,0,0.0124326,1.14891,1009,1.4284e-05,0.200,reports/benchmark/library_cub_device_select_b2_n1024_t0_p0.1_daily.csv,,mode=library_cub_device_select batch_size=2 n=1024 total=2048 threshold=0 keep_prob=0.100 total_count=1009 avg_ms=0.012433 logical_gbps=1.149 csv=reports/benchmark/library_cub_device_select_b2_n1024_t0_p0.1_daily.csv,
PASS,v2,2,1024,0.1,0,0.00888032,1.6085,1009,1.4284e-05,0.200,reports/benchmark/v2_b2_n1024_t0_p0.1_daily.csv,,mode=v2 batch_size=2 n=1024 total=2048 threshold=0 keep_prob=0.100 total_count=1009 avg_ms=0.008880 logical_gbps=1.609 csv=reports/benchmark/v2_b2_n1024_t0_p0.1_daily.csv,
PASS,v3,2,1024,0.1,0,0.00883776,1.61625,1009,1.4284e-05,0.200,reports/benchmark/v3_b2_n1024_t0_p0.1_daily.csv,,mode=v3 batch_size=2 n=1024 total=2048 threshold=0 keep_prob=0.100 total_count=1009 avg_ms=0.008838 logical_gbps=1.616 csv=reports/benchmark/v3_b2_n1024_t0_p0.1_daily.csv,
PASS,v4,2,1024,0.1,0,0.00890816,1.60347,1009,1.4284e-05,0.200,reports/benchmark/v4_b2_n1024_t0_p0.1_daily.csv,,mode=v4 batch_size=2 n=1024 total=2048 threshold=0 keep_prob=0.100 total_count=1009 avg_ms=0.008908 logical_gbps=1.603 csv=reports/benchmark/v4_b2_n1024_t0_p0.1_daily.csv,
PASS,v5,2,1024,0.1,0,0.00886496,1.61129,1009,1.4284e-05,0.190,reports/benchmark/v5_b2_n1024_t0_p0.1_daily.csv,,mode=v5 batch_size=2 n=1024 total=2048 threshold=0 keep_prob=0.100 total_count=1009 avg_ms=0.008865 logical_gbps=1.611 csv=reports/benchmark/v5_b2_n1024_t0_p0.1_daily.csv,
PASS,library_cub_device_select,2,1024,0.5,0,0.0123472,1.15686,1009,1.4284e-05,0.179,reports/benchmark/library_cub_device_select_b2_n1024_t0_p0.5_daily.csv,,mode=library_cub_device_select batch_size=2 n=1024 total=2048 threshold=0 keep_prob=0.500 total_count=1009 avg_ms=0.012347 logical_gbps=1.157 csv=reports/benchmark/library_cub_device_select_b2_n1024_t0_p0.5_daily.csv,
PASS,v2,2,1024,0.5,0,0.0088576,1.61263,1009,1.4284e-05,0.207,reports/benchmark/v2_b2_n1024_t0_p0.5_daily.csv,,mode=v2 batch_size=2 n=1024 total=2048 threshold=0 keep_prob=0.500 total_count=1009 avg_ms=0.008858 logical_gbps=1.613 csv=reports/benchmark/v2_b2_n1024_t0_p0.5_daily.csv,
PASS,v3,2,1024,0.5,0,0.0088416,1.61554,1009,1.4284e-05,0.224,reports/benchmark/v3_b2_n1024_t0_p0.5_daily.csv,,mode=v3 batch_size=2 n=1024 total=2048 threshold=0 keep_prob=0.500 total_count=1009 avg_ms=0.008842 logical_gbps=1.616 csv=reports/benchmark/v3_b2_n1024_t0_p0.5_daily.csv,
PASS,v4,2,1024,0.5,0,0.00889184,1.60642,1009,1.4284e-05,0.200,reports/benchmark/v4_b2_n1024_t0_p0.5_daily.csv,,mode=v4 batch_size=2 n=1024 total=2048 threshold=0 keep_prob=0.500 total_count=1009 avg_ms=0.008892 logical_gbps=1.606 csv=reports/benchmark/v4_b2_n1024_t0_p0.5_daily.csv,
PASS,v5,2,1024,0.5,0,0.00884896,1.6142,1009,1.4284e-05,0.238,reports/benchmark/v5_b2_n1024_t0_p0.5_daily.csv,,mode=v5 batch_size=2 n=1024 total=2048 threshold=0 keep_prob=0.500 total_count=1009 avg_ms=0.008849 logical_gbps=1.614 csv=reports/benchmark/v5_b2_n1024_t0_p0.5_daily.csv,
PASS,library_cub_device_select,2,1024,0.9,0,0.012391,1.15277,1009,1.4284e-05,0.200,reports/benchmark/library_cub_device_select_b2_n1024_t0_p0.9_daily.csv,,mode=library_cub_device_select batch_size=2 n=1024 total=2048 threshold=0 keep_prob=0.900 total_count=1009 avg_ms=0.012391 logical_gbps=1.153 csv=reports/benchmark/library_cub_device_select_b2_n1024_t0_p0.9_daily.csv,
PASS,v2,2,1024,0.9,0,0.00884064,1.61572,1009,1.4284e-05,0.193,reports/benchmark/v2_b2_n1024_t0_p0.9_daily.csv,,mode=v2 batch_size=2 n=1024 total=2048 threshold=0 keep_prob=0.900 total_count=1009 avg_ms=0.008841 logical_gbps=1.616 csv=reports/benchmark/v2_b2_n1024_t0_p0.9_daily.csv,
PASS,v3,2,1024,0.9,0,0.00883744,1.61631,1009,1.4284e-05,0.196,reports/benchmark/v3_b2_n1024_t0_p0.9_daily.csv,,mode=v3 batch_size=2 n=1024 total=2048 threshold=0 keep_prob=0.900 total_count=1009 avg_ms=0.008837 logical_gbps=1.616 csv=reports/benchmark/v3_b2_n1024_t0_p0.9_daily.csv,
PASS,v4,2,1024,0.9,0,0.00885728,1.61268,1009,1.4284e-05,0.191,reports/benchmark/v4_b2_n1024_t0_p0.9_daily.csv,,mode=v4 batch_size=2 n=1024 total=2048 threshold=0 keep_prob=0.900 total_count=1009 avg_ms=0.008857 logical_gbps=1.613 csv=reports/benchmark/v4_b2_n1024_t0_p0.9_daily.csv,
PASS,v5,2,1024,0.9,0,0.00884384,1.61514,1009,1.4284e-05,0.200,reports/benchmark/v5_b2_n1024_t0_p0.9_daily.csv,,mode=v5 batch_size=2 n=1024 total=2048 threshold=0 keep_prob=0.900 total_count=1009 avg_ms=0.008844 logical_gbps=1.615 csv=reports/benchmark/v5_b2_n1024_t0_p0.9_daily.csv,
PASS,library_cub_device_select,2,1024,0.99,0,0.0123632,1.15536,1009,1.4284e-05,0.200,reports/benchmark/library_cub_device_select_b2_n1024_t0_p0.99_daily.csv,,mode=library_cub_device_select batch_size=2 n=1024 total=2048 threshold=0 keep_prob=0.990 total_count=1009 avg_ms=0.012363 logical_gbps=1.155 csv=reports/benchmark/library_cub_device_select_b2_n1024_t0_p0.99_daily.csv,
PASS,v2,2,1024,0.99,0,0.00885728,1.61268,1009,1.4284e-05,0.200,reports/benchmark/v2_b2_n1024_t0_p0.99_daily.csv,,mode=v2 batch_size=2 n=1024 total=2048 threshold=0 keep_prob=0.990 total_count=1009 avg_ms=0.008857 logical_gbps=1.613 csv=reports/benchmark/v2_b2_n1024_t0_p0.99_daily.csv,
PASS,v3,2,1024,0.99,0,0.0088624,1.61175,1009,1.4284e-05,0.200,reports/benchmark/v3_b2_n1024_t0_p0.99_daily.csv,,mode=v3 batch_size=2 n=1024 total=2048 threshold=0 keep_prob=0.990 total_count=1009 avg_ms=0.008862 logical_gbps=1.612 csv=reports/benchmark/v3_b2_n1024_t0_p0.99_daily.csv,
PASS,v4,2,1024,0.99,0,0.00893312,1.59899,1009,1.4284e-05,0.200,reports/benchmark/v4_b2_n1024_t0_p0.99_daily.csv,,mode=v4 batch_size=2 n=1024 total=2048 threshold=0 keep_prob=0.990 total_count=1009 avg_ms=0.008933 logical_gbps=1.599 csv=reports/benchmark/v4_b2_n1024_t0_p0.99_daily.csv,
PASS,v5,2,1024,0.99,0,0.00886304,1.61164,1009,1.4284e-05,0.188,reports/benchmark/v5_b2_n1024_t0_p0.99_daily.csv,,mode=v5 batch_size=2 n=1024 total=2048 threshold=0 keep_prob=0.990 total_count=1009 avg_ms=0.008863 logical_gbps=1.612 csv=reports/benchmark/v5_b2_n1024_t0_p0.99_daily.csv,
PASS,library_cub_device_select,2,8192,0.01,0,0.0124774,9.21407,8260,0.000114968,0.180,reports/benchmark/library_cub_device_select_b2_n8192_t0_p0.01_daily.csv,,mode=library_cub_device_select batch_size=2 n=8192 total=16384 threshold=0 keep_prob=0.010 total_count=8260 avg_ms=0.012477 logical_gbps=9.214 csv=reports/benchmark/library_cub_device_select_b2_n8192_t0_p0.01_daily.csv,
PASS,v2,2,8192,0.01,0,0.00883744,13.0092,8260,0.000114968,0.194,reports/benchmark/v2_b2_n8192_t0_p0.01_daily.csv,,mode=v2 batch_size=2 n=8192 total=16384 threshold=0 keep_prob=0.010 total_count=8260 avg_ms=0.008837 logical_gbps=13.009 csv=reports/benchmark/v2_b2_n8192_t0_p0.01_daily.csv,
PASS,v3,2,8192,0.01,0,0.00883584,13.0116,8260,0.000114968,0.202,reports/benchmark/v3_b2_n8192_t0_p0.01_daily.csv,,mode=v3 batch_size=2 n=8192 total=16384 threshold=0 keep_prob=0.010 total_count=8260 avg_ms=0.008836 logical_gbps=13.012 csv=reports/benchmark/v3_b2_n8192_t0_p0.01_daily.csv,
PASS,v4,2,8192,0.01,0,0.0088592,12.9772,8260,0.000114968,0.195,reports/benchmark/v4_b2_n8192_t0_p0.01_daily.csv,,mode=v4 batch_size=2 n=8192 total=16384 threshold=0 keep_prob=0.010 total_count=8260 avg_ms=0.008859 logical_gbps=12.977 csv=reports/benchmark/v4_b2_n8192_t0_p0.01_daily.csv,
PASS,v5,2,8192,0.01,0,0.0109229,10.5254,8260,0.000114968,0.200,reports/benchmark/v5_b2_n8192_t0_p0.01_daily.csv,,mode=v5 batch_size=2 n=8192 total=16384 threshold=0 keep_prob=0.010 total_count=8260 avg_ms=0.010923 logical_gbps=10.525 csv=reports/benchmark/v5_b2_n8192_t0_p0.01_daily.csv,
PASS,library_cub_device_select,2,8192,0.1,0,0.012415,9.26038,8260,0.000114968,0.187,reports/benchmark/library_cub_device_select_b2_n8192_t0_p0.1_daily.csv,,mode=library_cub_device_select batch_size=2 n=8192 total=16384 threshold=0 keep_prob=0.100 total_count=8260 avg_ms=0.012415 logical_gbps=9.260 csv=reports/benchmark/library_cub_device_select_b2_n8192_t0_p0.1_daily.csv,
PASS,v2,2,8192,0.1,0,0.00887456,12.9548,8260,0.000114968,0.193,reports/benchmark/v2_b2_n8192_t0_p0.1_daily.csv,,mode=v2 batch_size=2 n=8192 total=16384 threshold=0 keep_prob=0.100 total_count=8260 avg_ms=0.008875 logical_gbps=12.955 csv=reports/benchmark/v2_b2_n8192_t0_p0.1_daily.csv,
PASS,v3,2,8192,0.1,0,0.0088368,13.0101,8260,0.000114968,0.200,reports/benchmark/v3_b2_n8192_t0_p0.1_daily.csv,,mode=v3 batch_size=2 n=8192 total=16384 threshold=0 keep_prob=0.100 total_count=8260 avg_ms=0.008837 logical_gbps=13.010 csv=reports/benchmark/v3_b2_n8192_t0_p0.1_daily.csv,
PASS,v4,2,8192,0.1,0,0.0088352,13.0125,8260,0.000114968,0.200,reports/benchmark/v4_b2_n8192_t0_p0.1_daily.csv,,mode=v4 batch_size=2 n=8192 total=16384 threshold=0 keep_prob=0.100 total_count=8260 avg_ms=0.008835 logical_gbps=13.012 csv=reports/benchmark/v4_b2_n8192_t0_p0.1_daily.csv,
PASS,v5,2,8192,0.1,0,0.0109213,10.527,8260,0.000114968,0.199,reports/benchmark/v5_b2_n8192_t0_p0.1_daily.csv,,mode=v5 batch_size=2 n=8192 total=16384 threshold=0 keep_prob=0.100 total_count=8260 avg_ms=0.010921 logical_gbps=10.527 csv=reports/benchmark/v5_b2_n8192_t0_p0.1_daily.csv,
PASS,library_cub_device_select,2,8192,0.5,0,0.0123552,9.30523,8260,0.000114968,0.182,reports/benchmark/library_cub_device_select_b2_n8192_t0_p0.5_daily.csv,,mode=library_cub_device_select batch_size=2 n=8192 total=16384 threshold=0 keep_prob=0.500 total_count=8260 avg_ms=0.012355 logical_gbps=9.305 csv=reports/benchmark/library_cub_device_select_b2_n8192_t0_p0.5_daily.csv,
PASS,v2,2,8192,0.5,0,0.00886336,12.9712,8260,0.000114968,0.195,reports/benchmark/v2_b2_n8192_t0_p0.5_daily.csv,,mode=v2 batch_size=2 n=8192 total=16384 threshold=0 keep_prob=0.500 total_count=8260 avg_ms=0.008863 logical_gbps=12.971 csv=reports/benchmark/v2_b2_n8192_t0_p0.5_daily.csv,
PASS,v3,2,8192,0.5,0,0.00886816,12.9641,8260,0.000114968,0.203,reports/benchmark/v3_b2_n8192_t0_p0.5_daily.csv,,mode=v3 batch_size=2 n=8192 total=16384 threshold=0 keep_prob=0.500 total_count=8260 avg_ms=0.008868 logical_gbps=12.964 csv=reports/benchmark/v3_b2_n8192_t0_p0.5_daily.csv,
PASS,v4,2,8192,0.5,0,0.00884608,12.9965,8260,0.000114968,0.189,reports/benchmark/v4_b2_n8192_t0_p0.5_daily.csv,,mode=v4 batch_size=2 n=8192 total=16384 threshold=0 keep_prob=0.500 total_count=8260 avg_ms=0.008846 logical_gbps=12.996 csv=reports/benchmark/v4_b2_n8192_t0_p0.5_daily.csv,
PASS,v5,2,8192,0.5,0,0.0109085,10.5393,8260,0.000114968,0.180,reports/benchmark/v5_b2_n8192_t0_p0.5_daily.csv,,mode=v5 batch_size=2 n=8192 total=16384 threshold=0 keep_prob=0.500 total_count=8260 avg_ms=0.010908 logical_gbps=10.539 csv=reports/benchmark/v5_b2_n8192_t0_p0.5_daily.csv,
PASS,library_cub_device_select,2,8192,0.9,0,0.0123331,9.32189,8260,0.000114968,0.174,reports/benchmark/library_cub_device_select_b2_n8192_t0_p0.9_daily.csv,,mode=library_cub_device_select batch_size=2 n=8192 total=16384 threshold=0 keep_prob=0.900 total_count=8260 avg_ms=0.012333 logical_gbps=9.322 csv=reports/benchmark/library_cub_device_select_b2_n8192_t0_p0.9_daily.csv,
PASS,v2,2,8192,0.9,0,0.00887264,12.9576,8260,0.000114968,0.198,reports/benchmark/v2_b2_n8192_t0_p0.9_daily.csv,,mode=v2 batch_size=2 n=8192 total=16384 threshold=0 keep_prob=0.900 total_count=8260 avg_ms=0.008873 logical_gbps=12.958 csv=reports/benchmark/v2_b2_n8192_t0_p0.9_daily.csv,
PASS,v3,2,8192,0.9,0,0.0088592,12.9772,8260,0.000114968,0.200,reports/benchmark/v3_b2_n8192_t0_p0.9_daily.csv,,mode=v3 batch_size=2 n=8192 total=16384 threshold=0 keep_prob=0.900 total_count=8260 avg_ms=0.008859 logical_gbps=12.977 csv=reports/benchmark/v3_b2_n8192_t0_p0.9_daily.csv,
PASS,v4,2,8192,0.9,0,0.00883968,13.0059,8260,0.000114968,0.200,reports/benchmark/v4_b2_n8192_t0_p0.9_daily.csv,,mode=v4 batch_size=2 n=8192 total=16384 threshold=0 keep_prob=0.900 total_count=8260 avg_ms=0.008840 logical_gbps=13.006 csv=reports/benchmark/v4_b2_n8192_t0_p0.9_daily.csv,
PASS,v5,2,8192,0.9,0,0.0109373,10.5116,8260,0.000114968,0.193,reports/benchmark/v5_b2_n8192_t0_p0.9_daily.csv,,mode=v5 batch_size=2 n=8192 total=16384 threshold=0 keep_prob=0.900 total_count=8260 avg_ms=0.010937 logical_gbps=10.512 csv=reports/benchmark/v5_b2_n8192_t0_p0.9_daily.csv,
PASS,library_cub_device_select,2,8192,0.99,0,0.0123133,9.33691,8260,0.000114968,0.196,reports/benchmark/library_cub_device_select_b2_n8192_t0_p0.99_daily.csv,,mode=library_cub_device_select batch_size=2 n=8192 total=16384 threshold=0 keep_prob=0.990 total_count=8260 avg_ms=0.012313 logical_gbps=9.337 csv=reports/benchmark/library_cub_device_select_b2_n8192_t0_p0.99_daily.csv,
PASS,v2,2,8192,0.99,0,0.00887264,12.9576,8260,0.000114968,0.191,reports/benchmark/v2_b2_n8192_t0_p0.99_daily.csv,,mode=v2 batch_size=2 n=8192 total=16384 threshold=0 keep_prob=0.990 total_count=8260 avg_ms=0.008873 logical_gbps=12.958 csv=reports/benchmark/v2_b2_n8192_t0_p0.99_daily.csv,
PASS,v3,2,8192,0.99,0,0.008856,12.9819,8260,0.000114968,0.191,reports/benchmark/v3_b2_n8192_t0_p0.99_daily.csv,,mode=v3 batch_size=2 n=8192 total=16384 threshold=0 keep_prob=0.990 total_count=8260 avg_ms=0.008856 logical_gbps=12.982 csv=reports/benchmark/v3_b2_n8192_t0_p0.99_daily.csv,
PASS,v4,2,8192,0.99,0,0.0088512,12.989,8260,0.000114968,0.190,reports/benchmark/v4_b2_n8192_t0_p0.99_daily.csv,,mode=v4 batch_size=2 n=8192 total=16384 threshold=0 keep_prob=0.990 total_count=8260 avg_ms=0.008851 logical_gbps=12.989 csv=reports/benchmark/v4_b2_n8192_t0_p0.99_daily.csv,
PASS,v5,2,8192,0.99,0,0.0109427,10.5063,8260,0.000114968,0.189,reports/benchmark/v5_b2_n8192_t0_p0.99_daily.csv,,mode=v5 batch_size=2 n=8192 total=16384 threshold=0 keep_prob=0.990 total_count=8260 avg_ms=0.010943 logical_gbps=10.506 csv=reports/benchmark/v5_b2_n8192_t0_p0.99_daily.csv,
PASS,library_cub_device_select,2,131072,0.01,0,0.0123078,149.407,132036,0.00183887,0.196,reports/benchmark/library_cub_device_select_b2_n131072_t0_p0.01_daily.csv,,mode=library_cub_device_select batch_size=2 n=131072 total=262144 threshold=0 keep_prob=0.010 total_count=132036 avg_ms=0.012308 logical_gbps=149.407 csv=reports/benchmark/library_cub_device_select_b2_n131072_t0_p0.01_daily.csv,
PASS,v2,2,131072,0.01,0,0.0129645,141.839,132036,0.00183887,0.188,reports/benchmark/v2_b2_n131072_t0_p0.01_daily.csv,,mode=v2 batch_size=2 n=131072 total=262144 threshold=0 keep_prob=0.010 total_count=132036 avg_ms=0.012964 logical_gbps=141.839 csv=reports/benchmark/v2_b2_n131072_t0_p0.01_daily.csv,
PASS,v3,2,131072,0.01,0,0.0126666,145.175,132036,0.00183887,0.195,reports/benchmark/v3_b2_n131072_t0_p0.01_daily.csv,,mode=v3 batch_size=2 n=131072 total=262144 threshold=0 keep_prob=0.010 total_count=132036 avg_ms=0.012667 logical_gbps=145.175 csv=reports/benchmark/v3_b2_n131072_t0_p0.01_daily.csv,
PASS,v4,2,131072,0.01,0,0.011935,154.073,132036,0.00183887,0.200,reports/benchmark/v4_b2_n131072_t0_p0.01_daily.csv,,mode=v4 batch_size=2 n=131072 total=262144 threshold=0 keep_prob=0.010 total_count=132036 avg_ms=0.011935 logical_gbps=154.073 csv=reports/benchmark/v4_b2_n131072_t0_p0.01_daily.csv,
PASS,v5,2,131072,0.01,0,0.0127536,144.185,132036,0.00183887,0.194,reports/benchmark/v5_b2_n131072_t0_p0.01_daily.csv,,mode=v5 batch_size=2 n=131072 total=262144 threshold=0 keep_prob=0.010 total_count=132036 avg_ms=0.012754 logical_gbps=144.185 csv=reports/benchmark/v5_b2_n131072_t0_p0.01_daily.csv,
PASS,library_cub_device_select,2,131072,0.1,0,0.0124451,147.758,132036,0.00183887,0.200,reports/benchmark/library_cub_device_select_b2_n131072_t0_p0.1_daily.csv,,mode=library_cub_device_select batch_size=2 n=131072 total=262144 threshold=0 keep_prob=0.100 total_count=132036 avg_ms=0.012445 logical_gbps=147.758 csv=reports/benchmark/library_cub_device_select_b2_n131072_t0_p0.1_daily.csv,
PASS,v2,2,131072,0.1,0,0.0129667,141.815,132036,0.00183887,0.218,reports/benchmark/v2_b2_n131072_t0_p0.1_daily.csv,,mode=v2 batch_size=2 n=131072 total=262144 threshold=0 keep_prob=0.100 total_count=132036 avg_ms=0.012967 logical_gbps=141.815 csv=reports/benchmark/v2_b2_n131072_t0_p0.1_daily.csv,
PASS,v3,2,131072,0.1,0,0.012712,144.656,132036,0.00183887,0.188,reports/benchmark/v3_b2_n131072_t0_p0.1_daily.csv,,mode=v3 batch_size=2 n=131072 total=262144 threshold=0 keep_prob=0.100 total_count=132036 avg_ms=0.012712 logical_gbps=144.656 csv=reports/benchmark/v3_b2_n131072_t0_p0.1_daily.csv,
PASS,v4,2,131072,0.1,0,0.0120512,152.588,132036,0.00183887,0.194,reports/benchmark/v4_b2_n131072_t0_p0.1_daily.csv,,mode=v4 batch_size=2 n=131072 total=262144 threshold=0 keep_prob=0.100 total_count=132036 avg_ms=0.012051 logical_gbps=152.588 csv=reports/benchmark/v4_b2_n131072_t0_p0.1_daily.csv,
PASS,v5,2,131072,0.1,0,0.01272,144.565,132036,0.00183887,0.200,reports/benchmark/v5_b2_n131072_t0_p0.1_daily.csv,,mode=v5 batch_size=2 n=131072 total=262144 threshold=0 keep_prob=0.100 total_count=132036 avg_ms=0.012720 logical_gbps=144.565 csv=reports/benchmark/v5_b2_n131072_t0_p0.1_daily.csv,
PASS,library_cub_device_select,2,131072,0.5,0,0.0123798,148.538,132036,0.00183887,0.187,reports/benchmark/library_cub_device_select_b2_n131072_t0_p0.5_daily.csv,,mode=library_cub_device_select batch_size=2 n=131072 total=262144 threshold=0 keep_prob=0.500 total_count=132036 avg_ms=0.012380 logical_gbps=148.538 csv=reports/benchmark/library_cub_device_select_b2_n131072_t0_p0.5_daily.csv,
PASS,v2,2,131072,0.5,0,0.0129437,142.067,132036,0.00183887,0.213,reports/benchmark/v2_b2_n131072_t0_p0.5_daily.csv,,mode=v2 batch_size=2 n=131072 total=262144 threshold=0 keep_prob=0.500 total_count=132036 avg_ms=0.012944 logical_gbps=142.067 csv=reports/benchmark/v2_b2_n131072_t0_p0.5_daily.csv,
PASS,v3,2,131072,0.5,0,0.0126624,145.223,132036,0.00183887,0.200,reports/benchmark/v3_b2_n131072_t0_p0.5_daily.csv,,mode=v3 batch_size=2 n=131072 total=262144 threshold=0 keep_prob=0.500 total_count=132036 avg_ms=0.012662 logical_gbps=145.223 csv=reports/benchmark/v3_b2_n131072_t0_p0.5_daily.csv,
PASS,v4,2,131072,0.5,0,0.0119661,153.674,132036,0.00183887,0.200,reports/benchmark/v4_b2_n131072_t0_p0.5_daily.csv,,mode=v4 batch_size=2 n=131072 total=262144 threshold=0 keep_prob=0.500 total_count=132036 avg_ms=0.011966 logical_gbps=153.674 csv=reports/benchmark/v4_b2_n131072_t0_p0.5_daily.csv,
PASS,v5,2,131072,0.5,0,0.0127872,143.806,132036,0.00183887,0.200,reports/benchmark/v5_b2_n131072_t0_p0.5_daily.csv,,mode=v5 batch_size=2 n=131072 total=262144 threshold=0 keep_prob=0.500 total_count=132036 avg_ms=0.012787 logical_gbps=143.806 csv=reports/benchmark/v5_b2_n131072_t0_p0.5_daily.csv,
PASS,library_cub_device_select,2,131072,0.9,0,0.0123466,148.938,132036,0.00183887,0.200,reports/benchmark/library_cub_device_select_b2_n131072_t0_p0.9_daily.csv,,mode=library_cub_device_select batch_size=2 n=131072 total=262144 threshold=0 keep_prob=0.900 total_count=132036 avg_ms=0.012347 logical_gbps=148.938 csv=reports/benchmark/library_cub_device_select_b2_n131072_t0_p0.9_daily.csv,
PASS,v2,2,131072,0.9,0,0.0129632,141.853,132036,0.00183887,0.186,reports/benchmark/v2_b2_n131072_t0_p0.9_daily.csv,,mode=v2 batch_size=2 n=131072 total=262144 threshold=0 keep_prob=0.900 total_count=132036 avg_ms=0.012963 logical_gbps=141.853 csv=reports/benchmark/v2_b2_n131072_t0_p0.9_daily.csv,
PASS,v3,2,131072,0.9,0,0.0126896,144.912,132036,0.00183887,0.191,reports/benchmark/v3_b2_n131072_t0_p0.9_daily.csv,,mode=v3 batch_size=2 n=131072 total=262144 threshold=0 keep_prob=0.900 total_count=132036 avg_ms=0.012690 logical_gbps=144.912 csv=reports/benchmark/v3_b2_n131072_t0_p0.9_daily.csv,
PASS,v4,2,131072,0.9,0,0.0120698,152.354,132036,0.00183887,0.200,reports/benchmark/v4_b2_n131072_t0_p0.9_daily.csv,,mode=v4 batch_size=2 n=131072 total=262144 threshold=0 keep_prob=0.900 total_count=132036 avg_ms=0.012070 logical_gbps=152.354 csv=reports/benchmark/v4_b2_n131072_t0_p0.9_daily.csv,
PASS,v5,2,131072,0.9,0,0.0127498,144.228,132036,0.00183887,0.206,reports/benchmark/v5_b2_n131072_t0_p0.9_daily.csv,,mode=v5 batch_size=2 n=131072 total=262144 threshold=0 keep_prob=0.900 total_count=132036 avg_ms=0.012750 logical_gbps=144.228 csv=reports/benchmark/v5_b2_n131072_t0_p0.9_daily.csv,
PASS,library_cub_device_select,2,131072,0.99,0,0.0123683,148.676,132036,0.00183887,0.194,reports/benchmark/library_cub_device_select_b2_n131072_t0_p0.99_daily.csv,,mode=library_cub_device_select batch_size=2 n=131072 total=262144 threshold=0 keep_prob=0.990 total_count=132036 avg_ms=0.012368 logical_gbps=148.676 csv=reports/benchmark/library_cub_device_select_b2_n131072_t0_p0.99_daily.csv,
PASS,v2,2,131072,0.99,0,0.0129661,141.822,132036,0.00183887,0.200,reports/benchmark/v2_b2_n131072_t0_p0.99_daily.csv,,mode=v2 batch_size=2 n=131072 total=262144 threshold=0 keep_prob=0.990 total_count=132036 avg_ms=0.012966 logical_gbps=141.822 csv=reports/benchmark/v2_b2_n131072_t0_p0.99_daily.csv,
PASS,v3,2,131072,0.99,0,0.0127408,144.329,132036,0.00183887,0.200,reports/benchmark/v3_b2_n131072_t0_p0.99_daily.csv,,mode=v3 batch_size=2 n=131072 total=262144 threshold=0 keep_prob=0.990 total_count=132036 avg_ms=0.012741 logical_gbps=144.329 csv=reports/benchmark/v3_b2_n131072_t0_p0.99_daily.csv,
PASS,v4,2,131072,0.99,0,0.0119958,153.292,132036,0.00183887,0.200,reports/benchmark/v4_b2_n131072_t0_p0.99_daily.csv,,mode=v4 batch_size=2 n=131072 total=262144 threshold=0 keep_prob=0.990 total_count=132036 avg_ms=0.011996 logical_gbps=153.292 csv=reports/benchmark/v4_b2_n131072_t0_p0.99_daily.csv,
PASS,v5,2,131072,0.99,0,0.0127197,144.569,132036,0.00183887,0.189,reports/benchmark/v5_b2_n131072_t0_p0.99_daily.csv,,mode=v5 batch_size=2 n=131072 total=262144 threshold=0 keep_prob=0.990 total_count=132036 avg_ms=0.012720 logical_gbps=144.569 csv=reports/benchmark/v5_b2_n131072_t0_p0.99_daily.csv,
PASS,library_cub_device_select,2,1048576,0.01,0,0.020583,714.909,1057310,0.014715,0.211,reports/benchmark/library_cub_device_select_b2_n1048576_t0_p0.01_daily.csv,,mode=library_cub_device_select batch_size=2 n=1048576 total=2097152 threshold=0 keep_prob=0.010 total_count=1057310 avg_ms=0.020583 logical_gbps=714.909 csv=reports/benchmark/library_cub_device_select_b2_n1048576_t0_p0.01_daily.csv,
PASS,v2,2,1048576,0.01,0,0.050687,290.311,1057310,0.014715,0.202,reports/benchmark/v2_b2_n1048576_t0_p0.01_daily.csv,,mode=v2 batch_size=2 n=1048576 total=2097152 threshold=0 keep_prob=0.010 total_count=1057310 avg_ms=0.050687 logical_gbps=290.311 csv=reports/benchmark/v2_b2_n1048576_t0_p0.01_daily.csv,
PASS,v3,2,1048576,0.01,0,0.0252227,583.403,1057310,0.014715,0.220,reports/benchmark/v3_b2_n1048576_t0_p0.01_daily.csv,,mode=v3 batch_size=2 n=1048576 total=2097152 threshold=0 keep_prob=0.010 total_count=1057310 avg_ms=0.025223 logical_gbps=583.403 csv=reports/benchmark/v3_b2_n1048576_t0_p0.01_daily.csv,
PASS,v4,2,1048576,0.01,0,0.025223,583.395,1057310,0.014715,0.204,reports/benchmark/v4_b2_n1048576_t0_p0.01_daily.csv,,mode=v4 batch_size=2 n=1048576 total=2097152 threshold=0 keep_prob=0.010 total_count=1057310 avg_ms=0.025223 logical_gbps=583.395 csv=reports/benchmark/v4_b2_n1048576_t0_p0.01_daily.csv,
PASS,v5,2,1048576,0.01,0,0.0231888,634.574,1057310,0.014715,0.214,reports/benchmark/v5_b2_n1048576_t0_p0.01_daily.csv,,mode=v5 batch_size=2 n=1048576 total=2097152 threshold=0 keep_prob=0.010 total_count=1057310 avg_ms=0.023189 logical_gbps=634.574 csv=reports/benchmark/v5_b2_n1048576_t0_p0.01_daily.csv,
PASS,library_cub_device_select,2,1048576,0.1,0,0.0205229,717.005,1057310,0.014715,0.208,reports/benchmark/library_cub_device_select_b2_n1048576_t0_p0.1_daily.csv,,mode=library_cub_device_select batch_size=2 n=1048576 total=2097152 threshold=0 keep_prob=0.100 total_count=1057310 avg_ms=0.020523 logical_gbps=717.005 csv=reports/benchmark/library_cub_device_select_b2_n1048576_t0_p0.1_daily.csv,
PASS,v2,2,1048576,0.1,0,0.0504461,291.698,1057310,0.014715,0.212,reports/benchmark/v2_b2_n1048576_t0_p0.1_daily.csv,,mode=v2 batch_size=2 n=1048576 total=2097152 threshold=0 keep_prob=0.100 total_count=1057310 avg_ms=0.050446 logical_gbps=291.698 csv=reports/benchmark/v2_b2_n1048576_t0_p0.1_daily.csv,
PASS,v3,2,1048576,0.1,0,0.0252368,583.077,1057310,0.014715,0.211,reports/benchmark/v3_b2_n1048576_t0_p0.1_daily.csv,,mode=v3 batch_size=2 n=1048576 total=2097152 threshold=0 keep_prob=0.100 total_count=1057310 avg_ms=0.025237 logical_gbps=583.077 csv=reports/benchmark/v3_b2_n1048576_t0_p0.1_daily.csv,
PASS,v4,2,1048576,0.1,0,0.0252176,583.521,1057310,0.014715,0.209,reports/benchmark/v4_b2_n1048576_t0_p0.1_daily.csv,,mode=v4 batch_size=2 n=1048576 total=2097152 threshold=0 keep_prob=0.100 total_count=1057310 avg_ms=0.025218 logical_gbps=583.521 csv=reports/benchmark/v4_b2_n1048576_t0_p0.1_daily.csv,
PASS,v5,2,1048576,0.1,0,0.0232003,634.259,1057310,0.014715,0.220,reports/benchmark/v5_b2_n1048576_t0_p0.1_daily.csv,,mode=v5 batch_size=2 n=1048576 total=2097152 threshold=0 keep_prob=0.100 total_count=1057310 avg_ms=0.023200 logical_gbps=634.259 csv=reports/benchmark/v5_b2_n1048576_t0_p0.1_daily.csv,
PASS,library_cub_device_select,2,1048576,0.5,0,0.0205613,715.666,1057310,0.014715,0.201,reports/benchmark/library_cub_device_select_b2_n1048576_t0_p0.5_daily.csv,,mode=library_cub_device_select batch_size=2 n=1048576 total=2097152 threshold=0 keep_prob=0.500 total_count=1057310 avg_ms=0.020561 logical_gbps=715.666 csv=reports/benchmark/library_cub_device_select_b2_n1048576_t0_p0.5_daily.csv,
PASS,v2,2,1048576,0.5,0,0.050489,291.45,1057310,0.014715,0.214,reports/benchmark/v2_b2_n1048576_t0_p0.5_daily.csv,,mode=v2 batch_size=2 n=1048576 total=2097152 threshold=0 keep_prob=0.500 total_count=1057310 avg_ms=0.050489 logical_gbps=291.450 csv=reports/benchmark/v2_b2_n1048576_t0_p0.5_daily.csv,
PASS,v3,2,1048576,0.5,0,0.0252806,582.066,1057310,0.014715,0.215,reports/benchmark/v3_b2_n1048576_t0_p0.5_daily.csv,,mode=v3 batch_size=2 n=1048576 total=2097152 threshold=0 keep_prob=0.500 total_count=1057310 avg_ms=0.025281 logical_gbps=582.066 csv=reports/benchmark/v3_b2_n1048576_t0_p0.5_daily.csv,
PASS,v4,2,1048576,0.5,0,0.0252365,583.085,1057310,0.014715,0.210,reports/benchmark/v4_b2_n1048576_t0_p0.5_daily.csv,,mode=v4 batch_size=2 n=1048576 total=2097152 threshold=0 keep_prob=0.500 total_count=1057310 avg_ms=0.025236 logical_gbps=583.085 csv=reports/benchmark/v4_b2_n1048576_t0_p0.5_daily.csv,
PASS,v5,2,1048576,0.5,0,0.0231936,634.443,1057310,0.014715,0.220,reports/benchmark/v5_b2_n1048576_t0_p0.5_daily.csv,,mode=v5 batch_size=2 n=1048576 total=2097152 threshold=0 keep_prob=0.500 total_count=1057310 avg_ms=0.023194 logical_gbps=634.443 csv=reports/benchmark/v5_b2_n1048576_t0_p0.5_daily.csv,
PASS,library_cub_device_select,2,1048576,0.9,0,0.020495,717.979,1057310,0.014715,0.220,reports/benchmark/library_cub_device_select_b2_n1048576_t0_p0.9_daily.csv,,mode=library_cub_device_select batch_size=2 n=1048576 total=2097152 threshold=0 keep_prob=0.900 total_count=1057310 avg_ms=0.020495 logical_gbps=717.979 csv=reports/benchmark/library_cub_device_select_b2_n1048576_t0_p0.9_daily.csv,
PASS,v2,2,1048576,0.9,0,0.0504013,291.957,1057310,0.014715,0.221,reports/benchmark/v2_b2_n1048576_t0_p0.9_daily.csv,,mode=v2 batch_size=2 n=1048576 total=2097152 threshold=0 keep_prob=0.900 total_count=1057310 avg_ms=0.050401 logical_gbps=291.957 csv=reports/benchmark/v2_b2_n1048576_t0_p0.9_daily.csv,
PASS,v3,2,1048576,0.9,0,0.025231,583.211,1057310,0.014715,0.221,reports/benchmark/v3_b2_n1048576_t0_p0.9_daily.csv,,mode=v3 batch_size=2 n=1048576 total=2097152 threshold=0 keep_prob=0.900 total_count=1057310 avg_ms=0.025231 logical_gbps=583.211 csv=reports/benchmark/v3_b2_n1048576_t0_p0.9_daily.csv,
PASS,v4,2,1048576,0.9,0,0.0252522,582.723,1057310,0.014715,0.209,reports/benchmark/v4_b2_n1048576_t0_p0.9_daily.csv,,mode=v4 batch_size=2 n=1048576 total=2097152 threshold=0 keep_prob=0.900 total_count=1057310 avg_ms=0.025252 logical_gbps=582.723 csv=reports/benchmark/v4_b2_n1048576_t0_p0.9_daily.csv,
PASS,v5,2,1048576,0.9,0,0.0231968,634.355,1057310,0.014715,0.211,reports/benchmark/v5_b2_n1048576_t0_p0.9_daily.csv,,mode=v5 batch_size=2 n=1048576 total=2097152 threshold=0 keep_prob=0.900 total_count=1057310 avg_ms=0.023197 logical_gbps=634.355 csv=reports/benchmark/v5_b2_n1048576_t0_p0.9_daily.csv,
PASS,library_cub_device_select,2,1048576,0.99,0,0.0205248,716.938,1057310,0.014715,0.218,reports/benchmark/library_cub_device_select_b2_n1048576_t0_p0.99_daily.csv,,mode=library_cub_device_select batch_size=2 n=1048576 total=2097152 threshold=0 keep_prob=0.990 total_count=1057310 avg_ms=0.020525 logical_gbps=716.938 csv=reports/benchmark/library_cub_device_select_b2_n1048576_t0_p0.99_daily.csv,
PASS,v2,2,1048576,0.99,0,0.0505776,290.939,1057310,0.014715,0.205,reports/benchmark/v2_b2_n1048576_t0_p0.99_daily.csv,,mode=v2 batch_size=2 n=1048576 total=2097152 threshold=0 keep_prob=0.990 total_count=1057310 avg_ms=0.050578 logical_gbps=290.939 csv=reports/benchmark/v2_b2_n1048576_t0_p0.99_daily.csv,
PASS,v3,2,1048576,0.99,0,0.0252163,583.551,1057310,0.014715,0.223,reports/benchmark/v3_b2_n1048576_t0_p0.99_daily.csv,,mode=v3 batch_size=2 n=1048576 total=2097152 threshold=0 keep_prob=0.990 total_count=1057310 avg_ms=0.025216 logical_gbps=583.551 csv=reports/benchmark/v3_b2_n1048576_t0_p0.99_daily.csv,
PASS,v4,2,1048576,0.99,0,0.0252326,583.174,1057310,0.014715,0.212,reports/benchmark/v4_b2_n1048576_t0_p0.99_daily.csv,,mode=v4 batch_size=2 n=1048576 total=2097152 threshold=0 keep_prob=0.990 total_count=1057310 avg_ms=0.025233 logical_gbps=583.174 csv=reports/benchmark/v4_b2_n1048576_t0_p0.99_daily.csv,
PASS,v5,2,1048576,0.99,0,0.0232058,634.11,1057310,0.014715,0.203,reports/benchmark/v5_b2_n1048576_t0_p0.99_daily.csv,,mode=v5 batch_size=2 n=1048576 total=2097152 threshold=0 keep_prob=0.990 total_count=1057310 avg_ms=0.023206 logical_gbps=634.110 csv=reports/benchmark/v5_b2_n1048576_t0_p0.99_daily.csv,
PASS,library_cub_device_select,8,1024,0.01,0,0.0492416,1.16625,4109,5.7428e-05,0.197,reports/benchmark/library_cub_device_select_b8_n1024_t0_p0.01_daily.csv,,mode=library_cub_device_select batch_size=8 n=1024 total=8192 threshold=0 keep_prob=0.010 total_count=4109 avg_ms=0.049242 logical_gbps=1.166 csv=reports/benchmark/library_cub_device_select_b8_n1024_t0_p0.01_daily.csv,
PASS,v2,8,1024,0.01,0,0.0088592,6.4823,4109,5.7428e-05,0.183,reports/benchmark/v2_b8_n1024_t0_p0.01_daily.csv,,mode=v2 batch_size=8 n=1024 total=8192 threshold=0 keep_prob=0.010 total_count=4109 avg_ms=0.008859 logical_gbps=6.482 csv=reports/benchmark/v2_b8_n1024_t0_p0.01_daily.csv,
PASS,v3,8,1024,0.01,0,0.00884992,6.4891,4109,5.7428e-05,0.191,reports/benchmark/v3_b8_n1024_t0_p0.01_daily.csv,,mode=v3 batch_size=8 n=1024 total=8192 threshold=0 keep_prob=0.010 total_count=4109 avg_ms=0.008850 logical_gbps=6.489 csv=reports/benchmark/v3_b8_n1024_t0_p0.01_daily.csv,
PASS,v4,8,1024,0.01,0,0.00885344,6.48652,4109,5.7428e-05,0.186,reports/benchmark/v4_b8_n1024_t0_p0.01_daily.csv,,mode=v4 batch_size=8 n=1024 total=8192 threshold=0 keep_prob=0.010 total_count=4109 avg_ms=0.008853 logical_gbps=6.487 csv=reports/benchmark/v4_b8_n1024_t0_p0.01_daily.csv,
PASS,v5,8,1024,0.01,0,0.00883584,6.49944,4109,5.7428e-05,0.200,reports/benchmark/v5_b8_n1024_t0_p0.01_daily.csv,,mode=v5 batch_size=8 n=1024 total=8192 threshold=0 keep_prob=0.010 total_count=4109 avg_ms=0.008836 logical_gbps=6.499 csv=reports/benchmark/v5_b8_n1024_t0_p0.01_daily.csv,
PASS,library_cub_device_select,8,1024,0.1,0,0.0492109,1.16698,4109,5.7428e-05,0.181,reports/benchmark/library_cub_device_select_b8_n1024_t0_p0.1_daily.csv,,mode=library_cub_device_select batch_size=8 n=1024 total=8192 threshold=0 keep_prob=0.100 total_count=4109 avg_ms=0.049211 logical_gbps=1.167 csv=reports/benchmark/library_cub_device_select_b8_n1024_t0_p0.1_daily.csv,
PASS,v2,8,1024,0.1,0,0.00885056,6.48863,4109,5.7428e-05,0.186,reports/benchmark/v2_b8_n1024_t0_p0.1_daily.csv,,mode=v2 batch_size=8 n=1024 total=8192 threshold=0 keep_prob=0.100 total_count=4109 avg_ms=0.008851 logical_gbps=6.489 csv=reports/benchmark/v2_b8_n1024_t0_p0.1_daily.csv,
PASS,v3,8,1024,0.1,0,0.00888768,6.46153,4109,5.7428e-05,0.195,reports/benchmark/v3_b8_n1024_t0_p0.1_daily.csv,,mode=v3 batch_size=8 n=1024 total=8192 threshold=0 keep_prob=0.100 total_count=4109 avg_ms=0.008888 logical_gbps=6.462 csv=reports/benchmark/v3_b8_n1024_t0_p0.1_daily.csv,
PASS,v4,8,1024,0.1,0,0.00884288,6.49426,4109,5.7428e-05,0.200,reports/benchmark/v4_b8_n1024_t0_p0.1_daily.csv,,mode=v4 batch_size=8 n=1024 total=8192 threshold=0 keep_prob=0.100 total_count=4109 avg_ms=0.008843 logical_gbps=6.494 csv=reports/benchmark/v4_b8_n1024_t0_p0.1_daily.csv,
PASS,v5,8,1024,0.1,0,0.00883296,6.50156,4109,5.7428e-05,0.208,reports/benchmark/v5_b8_n1024_t0_p0.1_daily.csv,,mode=v5 batch_size=8 n=1024 total=8192 threshold=0 keep_prob=0.100 total_count=4109 avg_ms=0.008833 logical_gbps=6.502 csv=reports/benchmark/v5_b8_n1024_t0_p0.1_daily.csv,
PASS,library_cub_device_select,8,1024,0.5,0,0.0492122,1.16695,4109,5.7428e-05,0.189,reports/benchmark/library_cub_device_select_b8_n1024_t0_p0.5_daily.csv,,mode=library_cub_device_select batch_size=8 n=1024 total=8192 threshold=0 keep_prob=0.500 total_count=4109 avg_ms=0.049212 logical_gbps=1.167 csv=reports/benchmark/library_cub_device_select_b8_n1024_t0_p0.5_daily.csv,
PASS,v2,8,1024,0.5,0,0.00884128,6.49544,4109,5.7428e-05,0.203,reports/benchmark/v2_b8_n1024_t0_p0.5_daily.csv,,mode=v2 batch_size=8 n=1024 total=8192 threshold=0 keep_prob=0.500 total_count=4109 avg_ms=0.008841 logical_gbps=6.495 csv=reports/benchmark/v2_b8_n1024_t0_p0.5_daily.csv,
PASS,v3,8,1024,0.5,0,0.00887328,6.47201,4109,5.7428e-05,0.200,reports/benchmark/v3_b8_n1024_t0_p0.5_daily.csv,,mode=v3 batch_size=8 n=1024 total=8192 threshold=0 keep_prob=0.500 total_count=4109 avg_ms=0.008873 logical_gbps=6.472 csv=reports/benchmark/v3_b8_n1024_t0_p0.5_daily.csv,
PASS,v4,8,1024,0.5,0,0.00886944,6.47482,4109,5.7428e-05,0.201,reports/benchmark/v4_b8_n1024_t0_p0.5_daily.csv,,mode=v4 batch_size=8 n=1024 total=8192 threshold=0 keep_prob=0.500 total_count=4109 avg_ms=0.008869 logical_gbps=6.475 csv=reports/benchmark/v4_b8_n1024_t0_p0.5_daily.csv,
PASS,v5,8,1024,0.5,0,0.0088464,6.49168,4109,5.7428e-05,0.199,reports/benchmark/v5_b8_n1024_t0_p0.5_daily.csv,,mode=v5 batch_size=8 n=1024 total=8192 threshold=0 keep_prob=0.500 total_count=4109 avg_ms=0.008846 logical_gbps=6.492 csv=reports/benchmark/v5_b8_n1024_t0_p0.5_daily.csv,
PASS,library_cub_device_select,8,1024,0.9,0,0.0491981,1.16728,4109,5.7428e-05,0.201,reports/benchmark/library_cub_device_select_b8_n1024_t0_p0.9_daily.csv,,mode=library_cub_device_select batch_size=8 n=1024 total=8192 threshold=0 keep_prob=0.900 total_count=4109 avg_ms=0.049198 logical_gbps=1.167 csv=reports/benchmark/library_cub_device_select_b8_n1024_t0_p0.9_daily.csv,
PASS,v2,8,1024,0.9,0,0.00885184,6.48769,4109,5.7428e-05,0.198,reports/benchmark/v2_b8_n1024_t0_p0.9_daily.csv,,mode=v2 batch_size=8 n=1024 total=8192 threshold=0 keep_prob=0.900 total_count=4109 avg_ms=0.008852 logical_gbps=6.488 csv=reports/benchmark/v2_b8_n1024_t0_p0.9_daily.csv,
PASS,v3,8,1024,0.9,0,0.00884832,6.49027,4109,5.7428e-05,0.200,reports/benchmark/v3_b8_n1024_t0_p0.9_daily.csv,,mode=v3 batch_size=8 n=1024 total=8192 threshold=0 keep_prob=0.900 total_count=4109 avg_ms=0.008848 logical_gbps=6.490 csv=reports/benchmark/v3_b8_n1024_t0_p0.9_daily.csv,
PASS,v4,8,1024,0.9,0,0.00883584,6.49944,4109,5.7428e-05,0.200,reports/benchmark/v4_b8_n1024_t0_p0.9_daily.csv,,mode=v4 batch_size=8 n=1024 total=8192 threshold=0 keep_prob=0.900 total_count=4109 avg_ms=0.008836 logical_gbps=6.499 csv=reports/benchmark/v4_b8_n1024_t0_p0.9_daily.csv,
PASS,v5,8,1024,0.9,0,0.0088576,6.48347,4109,5.7428e-05,0.200,reports/benchmark/v5_b8_n1024_t0_p0.9_daily.csv,,mode=v5 batch_size=8 n=1024 total=8192 threshold=0 keep_prob=0.900 total_count=4109 avg_ms=0.008858 logical_gbps=6.483 csv=reports/benchmark/v5_b8_n1024_t0_p0.9_daily.csv,
PASS,library_cub_device_select,8,1024,0.99,0,0.0491994,1.16725,4109,5.7428e-05,0.200,reports/benchmark/library_cub_device_select_b8_n1024_t0_p0.99_daily.csv,,mode=library_cub_device_select batch_size=8 n=1024 total=8192 threshold=0 keep_prob=0.990 total_count=4109 avg_ms=0.049199 logical_gbps=1.167 csv=reports/benchmark/library_cub_device_select_b8_n1024_t0_p0.99_daily.csv,
PASS,v2,8,1024,0.99,0,0.00884,6.49638,4109,5.7428e-05,0.189,reports/benchmark/v2_b8_n1024_t0_p0.99_daily.csv,,mode=v2 batch_size=8 n=1024 total=8192 threshold=0 keep_prob=0.990 total_count=4109 avg_ms=0.008840 logical_gbps=6.496 csv=reports/benchmark/v2_b8_n1024_t0_p0.99_daily.csv,
PASS,v3,8,1024,0.99,0,0.00886848,6.47552,4109,5.7428e-05,0.189,reports/benchmark/v3_b8_n1024_t0_p0.99_daily.csv,,mode=v3 batch_size=8 n=1024 total=8192 threshold=0 keep_prob=0.990 total_count=4109 avg_ms=0.008868 logical_gbps=6.476 csv=reports/benchmark/v3_b8_n1024_t0_p0.99_daily.csv,
PASS,v4,8,1024,0.99,0,0.0088608,6.48113,4109,5.7428e-05,0.180,reports/benchmark/v4_b8_n1024_t0_p0.99_daily.csv,,mode=v4 batch_size=8 n=1024 total=8192 threshold=0 keep_prob=0.990 total_count=4109 avg_ms=0.008861 logical_gbps=6.481 csv=reports/benchmark/v4_b8_n1024_t0_p0.99_daily.csv,
PASS,v5,8,1024,0.99,0,0.00882432,6.50792,4109,5.7428e-05,0.200,reports/benchmark/v5_b8_n1024_t0_p0.99_daily.csv,,mode=v5 batch_size=8 n=1024 total=8192 threshold=0 keep_prob=0.990 total_count=4109 avg_ms=0.008824 logical_gbps=6.508 csv=reports/benchmark/v5_b8_n1024_t0_p0.99_daily.csv,
PASS,library_cub_device_select,8,8192,0.01,0,0.0492589,9.34264,33124,0.000460208,0.200,reports/benchmark/library_cub_device_select_b8_n8192_t0_p0.01_daily.csv,,mode=library_cub_device_select batch_size=8 n=8192 total=65536 threshold=0 keep_prob=0.010 total_count=33124 avg_ms=0.049259 logical_gbps=9.343 csv=reports/benchmark/library_cub_device_select_b8_n8192_t0_p0.01_daily.csv,
PASS,v2,8,8192,0.01,0,0.00887008,51.8832,33124,0.000460208,0.207,reports/benchmark/v2_b8_n8192_t0_p0.01_daily.csv,,mode=v2 batch_size=8 n=8192 total=65536 threshold=0 keep_prob=0.010 total_count=33124 avg_ms=0.008870 logical_gbps=51.883 csv=reports/benchmark/v2_b8_n8192_t0_p0.01_daily.csv,
PASS,v3,8,8192,0.01,0,0.008904,51.6855,33124,0.000460208,0.195,reports/benchmark/v3_b8_n8192_t0_p0.01_daily.csv,,mode=v3 batch_size=8 n=8192 total=65536 threshold=0 keep_prob=0.010 total_count=33124 avg_ms=0.008904 logical_gbps=51.686 csv=reports/benchmark/v3_b8_n8192_t0_p0.01_daily.csv,
PASS,v4,8,8192,0.01,0,0.00891488,51.6225,33124,0.000460208,0.180,reports/benchmark/v4_b8_n8192_t0_p0.01_daily.csv,,mode=v4 batch_size=8 n=8192 total=65536 threshold=0 keep_prob=0.010 total_count=33124 avg_ms=0.008915 logical_gbps=51.622 csv=reports/benchmark/v4_b8_n8192_t0_p0.01_daily.csv,
PASS,v5,8,8192,0.01,0,0.0112125,41.0443,33124,0.000460208,0.198,reports/benchmark/v5_b8_n8192_t0_p0.01_daily.csv,,mode=v5 batch_size=8 n=8192 total=65536 threshold=0 keep_prob=0.010 total_count=33124 avg_ms=0.011212 logical_gbps=41.044 csv=reports/benchmark/v5_b8_n8192_t0_p0.01_daily.csv,
PASS,library_cub_device_select,8,8192,0.1,0,0.0491645,9.36058,33124,0.000460208,0.200,reports/benchmark/library_cub_device_select_b8_n8192_t0_p0.1_daily.csv,,mode=library_cub_device_select batch_size=8 n=8192 total=65536 threshold=0 keep_prob=0.100 total_count=33124 avg_ms=0.049164 logical_gbps=9.361 csv=reports/benchmark/library_cub_device_select_b8_n8192_t0_p0.1_daily.csv,
PASS,v2,8,8192,0.1,0,0.00884384,52.0371,33124,0.000460208,0.203,reports/benchmark/v2_b8_n8192_t0_p0.1_daily.csv,,mode=v2 batch_size=8 n=8192 total=65536 threshold=0 keep_prob=0.100 total_count=33124 avg_ms=0.008844 logical_gbps=52.037 csv=reports/benchmark/v2_b8_n8192_t0_p0.1_daily.csv,
PASS,v3,8,8192,0.1,0,0.00896768,51.3185,33124,0.000460208,0.205,reports/benchmark/v3_b8_n8192_t0_p0.1_daily.csv,,mode=v3 batch_size=8 n=8192 total=65536 threshold=0 keep_prob=0.100 total_count=33124 avg_ms=0.008968 logical_gbps=51.319 csv=reports/benchmark/v3_b8_n8192_t0_p0.1_daily.csv,
PASS,v4,8,8192,0.1,0,0.00887328,51.8645,33124,0.000460208,0.193,reports/benchmark/v4_b8_n8192_t0_p0.1_daily.csv,,mode=v4 batch_size=8 n=8192 total=65536 threshold=0 keep_prob=0.100 total_count=33124 avg_ms=0.008873 logical_gbps=51.864 csv=reports/benchmark/v4_b8_n8192_t0_p0.1_daily.csv,
PASS,v5,8,8192,0.1,0,0.0112038,41.0759,33124,0.000460208,0.199,reports/benchmark/v5_b8_n8192_t0_p0.1_daily.csv,,mode=v5 batch_size=8 n=8192 total=65536 threshold=0 keep_prob=0.100 total_count=33124 avg_ms=0.011204 logical_gbps=41.076 csv=reports/benchmark/v5_b8_n8192_t0_p0.1_daily.csv,
PASS,library_cub_device_select,8,8192,0.5,0,0.0492531,9.34373,33124,0.000460208,0.200,reports/benchmark/library_cub_device_select_b8_n8192_t0_p0.5_daily.csv,,mode=library_cub_device_select batch_size=8 n=8192 total=65536 threshold=0 keep_prob=0.500 total_count=33124 avg_ms=0.049253 logical_gbps=9.344 csv=reports/benchmark/library_cub_device_select_b8_n8192_t0_p0.5_daily.csv,
PASS,v2,8,8192,0.5,0,0.00884352,52.039,33124,0.000460208,0.200,reports/benchmark/v2_b8_n8192_t0_p0.5_daily.csv,,mode=v2 batch_size=8 n=8192 total=65536 threshold=0 keep_prob=0.500 total_count=33124 avg_ms=0.008844 logical_gbps=52.039 csv=reports/benchmark/v2_b8_n8192_t0_p0.5_daily.csv,
PASS,v3,8,8192,0.5,0,0.00891072,51.6466,33124,0.000460208,0.200,reports/benchmark/v3_b8_n8192_t0_p0.5_daily.csv,,mode=v3 batch_size=8 n=8192 total=65536 threshold=0 keep_prob=0.500 total_count=33124 avg_ms=0.008911 logical_gbps=51.647 csv=reports/benchmark/v3_b8_n8192_t0_p0.5_daily.csv,
PASS,v4,8,8192,0.5,0,0.00882336,52.1579,33124,0.000460208,0.200,reports/benchmark/v4_b8_n8192_t0_p0.5_daily.csv,,mode=v4 batch_size=8 n=8192 total=65536 threshold=0 keep_prob=0.500 total_count=33124 avg_ms=0.008823 logical_gbps=52.158 csv=reports/benchmark/v4_b8_n8192_t0_p0.5_daily.csv,
PASS,v5,8,8192,0.5,0,0.0112448,40.9263,33124,0.000460208,0.200,reports/benchmark/v5_b8_n8192_t0_p0.5_daily.csv,,mode=v5 batch_size=8 n=8192 total=65536 threshold=0 keep_prob=0.500 total_count=33124 avg_ms=0.011245 logical_gbps=40.926 csv=reports/benchmark/v5_b8_n8192_t0_p0.5_daily.csv,
PASS,library_cub_device_select,8,8192,0.9,0,0.0492742,9.33973,33124,0.000460208,0.200,reports/benchmark/library_cub_device_select_b8_n8192_t0_p0.9_daily.csv,,mode=library_cub_device_select batch_size=8 n=8192 total=65536 threshold=0 keep_prob=0.900 total_count=33124 avg_ms=0.049274 logical_gbps=9.340 csv=reports/benchmark/library_cub_device_select_b8_n8192_t0_p0.9_daily.csv,
PASS,v2,8,8192,0.9,0,0.00884192,52.0484,33124,0.000460208,0.187,reports/benchmark/v2_b8_n8192_t0_p0.9_daily.csv,,mode=v2 batch_size=8 n=8192 total=65536 threshold=0 keep_prob=0.900 total_count=33124 avg_ms=0.008842 logical_gbps=52.048 csv=reports/benchmark/v2_b8_n8192_t0_p0.9_daily.csv,
PASS,v3,8,8192,0.9,0,0.00889888,51.7153,33124,0.000460208,0.204,reports/benchmark/v3_b8_n8192_t0_p0.9_daily.csv,,mode=v3 batch_size=8 n=8192 total=65536 threshold=0 keep_prob=0.900 total_count=33124 avg_ms=0.008899 logical_gbps=51.715 csv=reports/benchmark/v3_b8_n8192_t0_p0.9_daily.csv,
PASS,v4,8,8192,0.9,0,0.00887808,51.8364,33124,0.000460208,0.189,reports/benchmark/v4_b8_n8192_t0_p0.9_daily.csv,,mode=v4 batch_size=8 n=8192 total=65536 threshold=0 keep_prob=0.900 total_count=33124 avg_ms=0.008878 logical_gbps=51.836 csv=reports/benchmark/v4_b8_n8192_t0_p0.9_daily.csv,
PASS,v5,8,8192,0.9,0,0.0111587,41.242,33124,0.000460208,0.200,reports/benchmark/v5_b8_n8192_t0_p0.9_daily.csv,,mode=v5 batch_size=8 n=8192 total=65536 threshold=0 keep_prob=0.900 total_count=33124 avg_ms=0.011159 logical_gbps=41.242 csv=reports/benchmark/v5_b8_n8192_t0_p0.9_daily.csv,
PASS,library_cub_device_select,8,8192,0.99,0,0.049247,9.34489,33124,0.000460208,0.182,reports/benchmark/library_cub_device_select_b8_n8192_t0_p0.99_daily.csv,,mode=library_cub_device_select batch_size=8 n=8192 total=65536 threshold=0 keep_prob=0.990 total_count=33124 avg_ms=0.049247 logical_gbps=9.345 csv=reports/benchmark/library_cub_device_select_b8_n8192_t0_p0.99_daily.csv,
PASS,v2,8,8192,0.99,0,0.0088448,52.0315,33124,0.000460208,0.199,reports/benchmark/v2_b8_n8192_t0_p0.99_daily.csv,,mode=v2 batch_size=8 n=8192 total=65536 threshold=0 keep_prob=0.990 total_count=33124 avg_ms=0.008845 logical_gbps=52.031 csv=reports/benchmark/v2_b8_n8192_t0_p0.99_daily.csv,
PASS,v3,8,8192,0.99,0,0.00887712,51.842,33124,0.000460208,0.183,reports/benchmark/v3_b8_n8192_t0_p0.99_daily.csv,,mode=v3 batch_size=8 n=8192 total=65536 threshold=0 keep_prob=0.990 total_count=33124 avg_ms=0.008877 logical_gbps=51.842 csv=reports/benchmark/v3_b8_n8192_t0_p0.99_daily.csv,
PASS,v4,8,8192,0.99,0,0.00890464,51.6818,33124,0.000460208,0.190,reports/benchmark/v4_b8_n8192_t0_p0.99_daily.csv,,mode=v4 batch_size=8 n=8192 total=65536 threshold=0 keep_prob=0.990 total_count=33124 avg_ms=0.008905 logical_gbps=51.682 csv=reports/benchmark/v4_b8_n8192_t0_p0.99_daily.csv,
PASS,v5,8,8192,0.99,0,0.0111098,41.4238,33124,0.000460208,0.206,reports/benchmark/v5_b8_n8192_t0_p0.99_daily.csv,,mode=v5 batch_size=8 n=8192 total=65536 threshold=0 keep_prob=0.990 total_count=33124 avg_ms=0.011110 logical_gbps=41.424 csv=reports/benchmark/v5_b8_n8192_t0_p0.99_daily.csv,
PASS,library_cub_device_select,8,131072,0.01,0,0.049239,149.438,528812,0.00735816,0.200,reports/benchmark/library_cub_device_select_b8_n131072_t0_p0.01_daily.csv,,mode=library_cub_device_select batch_size=8 n=131072 total=1048576 threshold=0 keep_prob=0.010 total_count=528812 avg_ms=0.049239 logical_gbps=149.438 csv=reports/benchmark/library_cub_device_select_b8_n131072_t0_p0.01_daily.csv,
PASS,v2,8,131072,0.01,0,0.0293133,251.018,528812,0.00735816,0.206,reports/benchmark/v2_b8_n131072_t0_p0.01_daily.csv,,mode=v2 batch_size=8 n=131072 total=1048576 threshold=0 keep_prob=0.010 total_count=528812 avg_ms=0.029313 logical_gbps=251.018 csv=reports/benchmark/v2_b8_n131072_t0_p0.01_daily.csv,
PASS,v3,8,131072,0.01,0,0.0191066,385.112,528812,0.00735816,0.199,reports/benchmark/v3_b8_n131072_t0_p0.01_daily.csv,,mode=v3 batch_size=8 n=131072 total=1048576 threshold=0 keep_prob=0.010 total_count=528812 avg_ms=0.019107 logical_gbps=385.112 csv=reports/benchmark/v3_b8_n131072_t0_p0.01_daily.csv,
PASS,v4,8,131072,0.01,0,0.0190851,385.544,528812,0.00735816,0.216,reports/benchmark/v4_b8_n131072_t0_p0.01_daily.csv,,mode=v4 batch_size=8 n=131072 total=1048576 threshold=0 keep_prob=0.010 total_count=528812 avg_ms=0.019085 logical_gbps=385.544 csv=reports/benchmark/v4_b8_n131072_t0_p0.01_daily.csv,
PASS,v5,8,131072,0.01,0,0.0201075,365.941,528812,0.00735816,0.201,reports/benchmark/v5_b8_n131072_t0_p0.01_daily.csv,,mode=v5 batch_size=8 n=131072 total=1048576 threshold=0 keep_prob=0.010 total_count=528812 avg_ms=0.020108 logical_gbps=365.941 csv=reports/benchmark/v5_b8_n131072_t0_p0.01_daily.csv,
PASS,library_cub_device_select,8,131072,0.1,0,0.0491661,149.659,528812,0.00735816,0.217,reports/benchmark/library_cub_device_select_b8_n131072_t0_p0.1_daily.csv,,mode=library_cub_device_select batch_size=8 n=131072 total=1048576 threshold=0 keep_prob=0.100 total_count=528812 avg_ms=0.049166 logical_gbps=149.659 csv=reports/benchmark/library_cub_device_select_b8_n131072_t0_p0.1_daily.csv,
PASS,v2,8,131072,0.1,0,0.0293066,251.076,528812,0.00735816,0.204,reports/benchmark/v2_b8_n131072_t0_p0.1_daily.csv,,mode=v2 batch_size=8 n=131072 total=1048576 threshold=0 keep_prob=0.100 total_count=528812 avg_ms=0.029307 logical_gbps=251.076 csv=reports/benchmark/v2_b8_n131072_t0_p0.1_daily.csv,
PASS,v3,8,131072,0.1,0,0.0191059,385.125,528812,0.00735816,0.206,reports/benchmark/v3_b8_n131072_t0_p0.1_daily.csv,,mode=v3 batch_size=8 n=131072 total=1048576 threshold=0 keep_prob=0.100 total_count=528812 avg_ms=0.019106 logical_gbps=385.125 csv=reports/benchmark/v3_b8_n131072_t0_p0.1_daily.csv,
PASS,v4,8,131072,0.1,0,0.0190746,385.758,528812,0.00735816,0.211,reports/benchmark/v4_b8_n131072_t0_p0.1_daily.csv,,mode=v4 batch_size=8 n=131072 total=1048576 threshold=0 keep_prob=0.100 total_count=528812 avg_ms=0.019075 logical_gbps=385.758 csv=reports/benchmark/v4_b8_n131072_t0_p0.1_daily.csv,
PASS,v5,8,131072,0.1,0,0.0202016,364.237,528812,0.00735816,0.199,reports/benchmark/v5_b8_n131072_t0_p0.1_daily.csv,,mode=v5 batch_size=8 n=131072 total=1048576 threshold=0 keep_prob=0.100 total_count=528812 avg_ms=0.020202 logical_gbps=364.237 csv=reports/benchmark/v5_b8_n131072_t0_p0.1_daily.csv,
PASS,library_cub_device_select,8,131072,0.5,0,0.0492538,149.393,528812,0.00735816,0.200,reports/benchmark/library_cub_device_select_b8_n131072_t0_p0.5_daily.csv,,mode=library_cub_device_select batch_size=8 n=131072 total=1048576 threshold=0 keep_prob=0.500 total_count=528812 avg_ms=0.049254 logical_gbps=149.393 csv=reports/benchmark/library_cub_device_select_b8_n131072_t0_p0.5_daily.csv,
PASS,v2,8,131072,0.5,0,0.029352,250.687,528812,0.00735816,0.201,reports/benchmark/v2_b8_n131072_t0_p0.5_daily.csv,,mode=v2 batch_size=8 n=131072 total=1048576 threshold=0 keep_prob=0.500 total_count=528812 avg_ms=0.029352 logical_gbps=250.687 csv=reports/benchmark/v2_b8_n131072_t0_p0.5_daily.csv,
PASS,v3,8,131072,0.5,0,0.0190979,385.286,528812,0.00735816,0.204,reports/benchmark/v3_b8_n131072_t0_p0.5_daily.csv,,mode=v3 batch_size=8 n=131072 total=1048576 threshold=0 keep_prob=0.500 total_count=528812 avg_ms=0.019098 logical_gbps=385.286 csv=reports/benchmark/v3_b8_n131072_t0_p0.5_daily.csv,
PASS,v4,8,131072,0.5,0,0.0190851,385.544,528812,0.00735816,0.214,reports/benchmark/v4_b8_n131072_t0_p0.5_daily.csv,,mode=v4 batch_size=8 n=131072 total=1048576 threshold=0 keep_prob=0.500 total_count=528812 avg_ms=0.019085 logical_gbps=385.544 csv=reports/benchmark/v4_b8_n131072_t0_p0.5_daily.csv,
PASS,v5,8,131072,0.5,0,0.0204134,360.457,528812,0.00735816,0.212,reports/benchmark/v5_b8_n131072_t0_p0.5_daily.csv,,mode=v5 batch_size=8 n=131072 total=1048576 threshold=0 keep_prob=0.500 total_count=528812 avg_ms=0.020413 logical_gbps=360.457 csv=reports/benchmark/v5_b8_n131072_t0_p0.5_daily.csv,
PASS,library_cub_device_select,8,131072,0.9,0,0.0491974,149.564,528812,0.00735816,0.208,reports/benchmark/library_cub_device_select_b8_n131072_t0_p0.9_daily.csv,,mode=library_cub_device_select batch_size=8 n=131072 total=1048576 threshold=0 keep_prob=0.900 total_count=528812 avg_ms=0.049197 logical_gbps=149.564 csv=reports/benchmark/library_cub_device_select_b8_n131072_t0_p0.9_daily.csv,
PASS,v2,8,131072,0.9,0,0.0293405,250.785,528812,0.00735816,0.203,reports/benchmark/v2_b8_n131072_t0_p0.9_daily.csv,,mode=v2 batch_size=8 n=131072 total=1048576 threshold=0 keep_prob=0.900 total_count=528812 avg_ms=0.029340 logical_gbps=250.785 csv=reports/benchmark/v2_b8_n131072_t0_p0.9_daily.csv,
PASS,v3,8,131072,0.9,0,0.0190931,385.383,528812,0.00735816,0.237,reports/benchmark/v3_b8_n131072_t0_p0.9_daily.csv,,mode=v3 batch_size=8 n=131072 total=1048576 threshold=0 keep_prob=0.900 total_count=528812 avg_ms=0.019093 logical_gbps=385.383 csv=reports/benchmark/v3_b8_n131072_t0_p0.9_daily.csv,
PASS,v4,8,131072,0.9,0,0.0190912,385.422,528812,0.00735816,0.200,reports/benchmark/v4_b8_n131072_t0_p0.9_daily.csv,,mode=v4 batch_size=8 n=131072 total=1048576 threshold=0 keep_prob=0.900 total_count=528812 avg_ms=0.019091 logical_gbps=385.422 csv=reports/benchmark/v4_b8_n131072_t0_p0.9_daily.csv,
PASS,v5,8,131072,0.9,0,0.0202096,364.092,528812,0.00735816,0.200,reports/benchmark/v5_b8_n131072_t0_p0.9_daily.csv,,mode=v5 batch_size=8 n=131072 total=1048576 threshold=0 keep_prob=0.900 total_count=528812 avg_ms=0.020210 logical_gbps=364.092 csv=reports/benchmark/v5_b8_n131072_t0_p0.9_daily.csv,
PASS,library_cub_device_select,8,131072,0.99,0,0.0491616,149.673,528812,0.00735816,0.220,reports/benchmark/library_cub_device_select_b8_n131072_t0_p0.99_daily.csv,,mode=library_cub_device_select batch_size=8 n=131072 total=1048576 threshold=0 keep_prob=0.990 total_count=528812 avg_ms=0.049162 logical_gbps=149.673 csv=reports/benchmark/library_cub_device_select_b8_n131072_t0_p0.99_daily.csv,
PASS,v2,8,131072,0.99,0,0.0293376,250.81,528812,0.00735816,0.206,reports/benchmark/v2_b8_n131072_t0_p0.99_daily.csv,,mode=v2 batch_size=8 n=131072 total=1048576 threshold=0 keep_prob=0.990 total_count=528812 avg_ms=0.029338 logical_gbps=250.810 csv=reports/benchmark/v2_b8_n131072_t0_p0.99_daily.csv,
PASS,v3,8,131072,0.99,0,0.0190982,385.279,528812,0.00735816,0.204,reports/benchmark/v3_b8_n131072_t0_p0.99_daily.csv,,mode=v3 batch_size=8 n=131072 total=1048576 threshold=0 keep_prob=0.990 total_count=528812 avg_ms=0.019098 logical_gbps=385.279 csv=reports/benchmark/v3_b8_n131072_t0_p0.99_daily.csv,
PASS,v4,8,131072,0.99,0,0.0190912,385.422,528812,0.00735816,0.189,reports/benchmark/v4_b8_n131072_t0_p0.99_daily.csv,,mode=v4 batch_size=8 n=131072 total=1048576 threshold=0 keep_prob=0.990 total_count=528812 avg_ms=0.019091 logical_gbps=385.422 csv=reports/benchmark/v4_b8_n131072_t0_p0.99_daily.csv,
PASS,v5,8,131072,0.99,0,0.0203002,362.468,528812,0.00735816,0.203,reports/benchmark/v5_b8_n131072_t0_p0.99_daily.csv,,mode=v5 batch_size=8 n=131072 total=1048576 threshold=0 keep_prob=0.990 total_count=528812 avg_ms=0.020300 logical_gbps=362.468 csv=reports/benchmark/v5_b8_n131072_t0_p0.99_daily.csv,
PASS,library_cub_device_select,8,1048576,0.01,0,0.0959075,613.615,4226803,0.0588503,0.265,reports/benchmark/library_cub_device_select_b8_n1048576_t0_p0.01_daily.csv,,mode=library_cub_device_select batch_size=8 n=1048576 total=8388608 threshold=0 keep_prob=0.010 total_count=4226803 avg_ms=0.095908 logical_gbps=613.615 csv=reports/benchmark/library_cub_device_select_b8_n1048576_t0_p0.01_daily.csv,
PASS,v2,8,1048576,0.01,0,0.160778,366.035,4226803,0.0588503,0.277,reports/benchmark/v2_b8_n1048576_t0_p0.01_daily.csv,,mode=v2 batch_size=8 n=1048576 total=8388608 threshold=0 keep_prob=0.010 total_count=4226803 avg_ms=0.160778 logical_gbps=366.035 csv=reports/benchmark/v2_b8_n1048576_t0_p0.01_daily.csv,
PASS,v3,8,1048576,0.01,0,0.0643939,913.911,4226803,0.0588503,0.259,reports/benchmark/v3_b8_n1048576_t0_p0.01_daily.csv,,mode=v3 batch_size=8 n=1048576 total=8388608 threshold=0 keep_prob=0.010 total_count=4226803 avg_ms=0.064394 logical_gbps=913.911 csv=reports/benchmark/v3_b8_n1048576_t0_p0.01_daily.csv,
PASS,v4,8,1048576,0.01,0,0.0665389,884.45,4226803,0.0588503,0.284,reports/benchmark/v4_b8_n1048576_t0_p0.01_daily.csv,,mode=v4 batch_size=8 n=1048576 total=8388608 threshold=0 keep_prob=0.010 total_count=4226803 avg_ms=0.066539 logical_gbps=884.450 csv=reports/benchmark/v4_b8_n1048576_t0_p0.01_daily.csv,
PASS,v5,8,1048576,0.01,0,0.0602701,976.443,4226803,0.0588503,0.274,reports/benchmark/v5_b8_n1048576_t0_p0.01_daily.csv,,mode=v5 batch_size=8 n=1048576 total=8388608 threshold=0 keep_prob=0.010 total_count=4226803 avg_ms=0.060270 logical_gbps=976.443 csv=reports/benchmark/v5_b8_n1048576_t0_p0.01_daily.csv,
PASS,library_cub_device_select,8,1048576,0.1,0,0.0958675,613.871,4226803,0.0588503,0.278,reports/benchmark/library_cub_device_select_b8_n1048576_t0_p0.1_daily.csv,,mode=library_cub_device_select batch_size=8 n=1048576 total=8388608 threshold=0 keep_prob=0.100 total_count=4226803 avg_ms=0.095868 logical_gbps=613.871 csv=reports/benchmark/library_cub_device_select_b8_n1048576_t0_p0.1_daily.csv,
PASS,v2,8,1048576,0.1,0,0.160757,366.082,4226803,0.0588503,0.280,reports/benchmark/v2_b8_n1048576_t0_p0.1_daily.csv,,mode=v2 batch_size=8 n=1048576 total=8388608 threshold=0 keep_prob=0.100 total_count=4226803 avg_ms=0.160757 logical_gbps=366.082 csv=reports/benchmark/v2_b8_n1048576_t0_p0.1_daily.csv,
PASS,v3,8,1048576,0.1,0,0.0643517,914.51,4226803,0.0588503,0.280,reports/benchmark/v3_b8_n1048576_t0_p0.1_daily.csv,,mode=v3 batch_size=8 n=1048576 total=8388608 threshold=0 keep_prob=0.100 total_count=4226803 avg_ms=0.064352 logical_gbps=914.510 csv=reports/benchmark/v3_b8_n1048576_t0_p0.1_daily.csv,
PASS,v4,8,1048576,0.1,0,0.0664822,885.203,4226803,0.0588503,0.262,reports/benchmark/v4_b8_n1048576_t0_p0.1_daily.csv,,mode=v4 batch_size=8 n=1048576 total=8388608 threshold=0 keep_prob=0.100 total_count=4226803 avg_ms=0.066482 logical_gbps=885.203 csv=reports/benchmark/v4_b8_n1048576_t0_p0.1_daily.csv,
PASS,v5,8,1048576,0.1,0,0.060231,977.076,4226803,0.0588503,0.262,reports/benchmark/v5_b8_n1048576_t0_p0.1_daily.csv,,mode=v5 batch_size=8 n=1048576 total=8388608 threshold=0 keep_prob=0.100 total_count=4226803 avg_ms=0.060231 logical_gbps=977.076 csv=reports/benchmark/v5_b8_n1048576_t0_p0.1_daily.csv,
PASS,library_cub_device_select,8,1048576,0.5,0,0.0960093,612.965,4226803,0.0588503,0.262,reports/benchmark/library_cub_device_select_b8_n1048576_t0_p0.5_daily.csv,,mode=library_cub_device_select batch_size=8 n=1048576 total=8388608 threshold=0 keep_prob=0.500 total_count=4226803 avg_ms=0.096009 logical_gbps=612.965 csv=reports/benchmark/library_cub_device_select_b8_n1048576_t0_p0.5_daily.csv,
PASS,v2,8,1048576,0.5,0,0.160829,365.917,4226803,0.0588503,0.276,reports/benchmark/v2_b8_n1048576_t0_p0.5_daily.csv,,mode=v2 batch_size=8 n=1048576 total=8388608 threshold=0 keep_prob=0.500 total_count=4226803 avg_ms=0.160829 logical_gbps=365.917 csv=reports/benchmark/v2_b8_n1048576_t0_p0.5_daily.csv,
PASS,v3,8,1048576,0.5,0,0.0643629,914.351,4226803,0.0588503,0.278,reports/benchmark/v3_b8_n1048576_t0_p0.5_daily.csv,,mode=v3 batch_size=8 n=1048576 total=8388608 threshold=0 keep_prob=0.500 total_count=4226803 avg_ms=0.064363 logical_gbps=914.351 csv=reports/benchmark/v3_b8_n1048576_t0_p0.5_daily.csv,
PASS,v4,8,1048576,0.5,0,0.0664762,885.284,4226803,0.0588503,0.260,reports/benchmark/v4_b8_n1048576_t0_p0.5_daily.csv,,mode=v4 batch_size=8 n=1048576 total=8388608 threshold=0 keep_prob=0.500 total_count=4226803 avg_ms=0.066476 logical_gbps=885.284 csv=reports/benchmark/v4_b8_n1048576_t0_p0.5_daily.csv,
PASS,v5,8,1048576,0.5,0,0.0602979,975.992,4226803,0.0588503,0.266,reports/benchmark/v5_b8_n1048576_t0_p0.5_daily.csv,,mode=v5 batch_size=8 n=1048576 total=8388608 threshold=0 keep_prob=0.500 total_count=4226803 avg_ms=0.060298 logical_gbps=975.992 csv=reports/benchmark/v5_b8_n1048576_t0_p0.5_daily.csv,
PASS,library_cub_device_select,8,1048576,0.9,0,0.0959107,613.594,4226803,0.0588503,0.260,reports/benchmark/library_cub_device_select_b8_n1048576_t0_p0.9_daily.csv,,mode=library_cub_device_select batch_size=8 n=1048576 total=8388608 threshold=0 keep_prob=0.900 total_count=4226803 avg_ms=0.095911 logical_gbps=613.594 csv=reports/benchmark/library_cub_device_select_b8_n1048576_t0_p0.9_daily.csv,
PASS,v2,8,1048576,0.9,0,0.160835,365.906,4226803,0.0588503,0.274,reports/benchmark/v2_b8_n1048576_t0_p0.9_daily.csv,,mode=v2 batch_size=8 n=1048576 total=8388608 threshold=0 keep_prob=0.900 total_count=4226803 avg_ms=0.160835 logical_gbps=365.906 csv=reports/benchmark/v2_b8_n1048576_t0_p0.9_daily.csv,
PASS,v3,8,1048576,0.9,0,0.0643722,914.22,4226803,0.0588503,0.269,reports/benchmark/v3_b8_n1048576_t0_p0.9_daily.csv,,mode=v3 batch_size=8 n=1048576 total=8388608 threshold=0 keep_prob=0.900 total_count=4226803 avg_ms=0.064372 logical_gbps=914.220 csv=reports/benchmark/v3_b8_n1048576_t0_p0.9_daily.csv,
PASS,v4,8,1048576,0.9,0,0.066456,885.553,4226803,0.0588503,0.263,reports/benchmark/v4_b8_n1048576_t0_p0.9_daily.csv,,mode=v4 batch_size=8 n=1048576 total=8388608 threshold=0 keep_prob=0.900 total_count=4226803 avg_ms=0.066456 logical_gbps=885.553 csv=reports/benchmark/v4_b8_n1048576_t0_p0.9_daily.csv,
PASS,v5,8,1048576,0.9,0,0.0603194,975.645,4226803,0.0588503,0.258,reports/benchmark/v5_b8_n1048576_t0_p0.9_daily.csv,,mode=v5 batch_size=8 n=1048576 total=8388608 threshold=0 keep_prob=0.900 total_count=4226803 avg_ms=0.060319 logical_gbps=975.645 csv=reports/benchmark/v5_b8_n1048576_t0_p0.9_daily.csv,
PASS,library_cub_device_select,8,1048576,0.99,0,0.0958685,613.865,4226803,0.0588503,0.271,reports/benchmark/library_cub_device_select_b8_n1048576_t0_p0.99_daily.csv,,mode=library_cub_device_select batch_size=8 n=1048576 total=8388608 threshold=0 keep_prob=0.990 total_count=4226803 avg_ms=0.095868 logical_gbps=613.865 csv=reports/benchmark/library_cub_device_select_b8_n1048576_t0_p0.99_daily.csv,
PASS,v2,8,1048576,0.99,0,0.160818,365.944,4226803,0.0588503,0.278,reports/benchmark/v2_b8_n1048576_t0_p0.99_daily.csv,,mode=v2 batch_size=8 n=1048576 total=8388608 threshold=0 keep_prob=0.990 total_count=4226803 avg_ms=0.160818 logical_gbps=365.944 csv=reports/benchmark/v2_b8_n1048576_t0_p0.99_daily.csv,
PASS,v3,8,1048576,0.99,0,0.0643312,914.802,4226803,0.0588503,0.260,reports/benchmark/v3_b8_n1048576_t0_p0.99_daily.csv,,mode=v3 batch_size=8 n=1048576 total=8388608 threshold=0 keep_prob=0.990 total_count=4226803 avg_ms=0.064331 logical_gbps=914.802 csv=reports/benchmark/v3_b8_n1048576_t0_p0.99_daily.csv,
PASS,v4,8,1048576,0.99,0,0.0665152,884.764,4226803,0.0588503,0.262,reports/benchmark/v4_b8_n1048576_t0_p0.99_daily.csv,,mode=v4 batch_size=8 n=1048576 total=8388608 threshold=0 keep_prob=0.990 total_count=4226803 avg_ms=0.066515 logical_gbps=884.764 csv=reports/benchmark/v4_b8_n1048576_t0_p0.99_daily.csv,
PASS,v5,8,1048576,0.99,0,0.0603334,975.417,4226803,0.0588503,0.261,reports/benchmark/v5_b8_n1048576_t0_p0.99_daily.csv,,mode=v5 batch_size=8 n=1048576 total=8388608 threshold=0 keep_prob=0.990 total_count=4226803 avg_ms=0.060333 logical_gbps=975.417 csv=reports/benchmark/v5_b8_n1048576_t0_p0.99_daily.csv,
PASS,library_cub_device_select,16,1024,0.01,0,0.0983546,1.16948,8260,0.000115024,0.197,reports/benchmark/library_cub_device_select_b16_n1024_t0_p0.01_daily.csv,,mode=library_cub_device_select batch_size=16 n=1024 total=16384 threshold=0 keep_prob=0.010 total_count=8260 avg_ms=0.098355 logical_gbps=1.169 csv=reports/benchmark/library_cub_device_select_b16_n1024_t0_p0.01_daily.csv,
PASS,v2,16,1024,0.01,0,0.00887744,12.9569,8260,0.000115024,0.189,reports/benchmark/v2_b16_n1024_t0_p0.01_daily.csv,,mode=v2 batch_size=16 n=1024 total=16384 threshold=0 keep_prob=0.010 total_count=8260 avg_ms=0.008877 logical_gbps=12.957 csv=reports/benchmark/v2_b16_n1024_t0_p0.01_daily.csv,
PASS,v3,16,1024,0.01,0,0.00884736,13.0009,8260,0.000115024,0.191,reports/benchmark/v3_b16_n1024_t0_p0.01_daily.csv,,mode=v3 batch_size=16 n=1024 total=16384 threshold=0 keep_prob=0.010 total_count=8260 avg_ms=0.008847 logical_gbps=13.001 csv=reports/benchmark/v3_b16_n1024_t0_p0.01_daily.csv,
PASS,v4,16,1024,0.01,0,0.00883232,13.0231,8260,0.000115024,0.189,reports/benchmark/v4_b16_n1024_t0_p0.01_daily.csv,,mode=v4 batch_size=16 n=1024 total=16384 threshold=0 keep_prob=0.010 total_count=8260 avg_ms=0.008832 logical_gbps=13.023 csv=reports/benchmark/v4_b16_n1024_t0_p0.01_daily.csv,
PASS,v5,16,1024,0.01,0,0.00880448,13.0643,8260,0.000115024,0.197,reports/benchmark/v5_b16_n1024_t0_p0.01_daily.csv,,mode=v5 batch_size=16 n=1024 total=16384 threshold=0 keep_prob=0.010 total_count=8260 avg_ms=0.008804 logical_gbps=13.064 csv=reports/benchmark/v5_b16_n1024_t0_p0.01_daily.csv,
PASS,library_cub_device_select,16,1024,0.1,0,0.0983357,1.16971,8260,0.000115024,0.195,reports/benchmark/library_cub_device_select_b16_n1024_t0_p0.1_daily.csv,,mode=library_cub_device_select batch_size=16 n=1024 total=16384 threshold=0 keep_prob=0.100 total_count=8260 avg_ms=0.098336 logical_gbps=1.170 csv=reports/benchmark/library_cub_device_select_b16_n1024_t0_p0.1_daily.csv,
PASS,v2,16,1024,0.1,0,0.00884512,13.0042,8260,0.000115024,0.199,reports/benchmark/v2_b16_n1024_t0_p0.1_daily.csv,,mode=v2 batch_size=16 n=1024 total=16384 threshold=0 keep_prob=0.100 total_count=8260 avg_ms=0.008845 logical_gbps=13.004 csv=reports/benchmark/v2_b16_n1024_t0_p0.1_daily.csv,
PASS,v3,16,1024,0.1,0,0.00884064,13.0108,8260,0.000115024,0.200,reports/benchmark/v3_b16_n1024_t0_p0.1_daily.csv,,mode=v3 batch_size=16 n=1024 total=16384 threshold=0 keep_prob=0.100 total_count=8260 avg_ms=0.008841 logical_gbps=13.011 csv=reports/benchmark/v3_b16_n1024_t0_p0.1_daily.csv,
PASS,v4,16,1024,0.1,0,0.00889344,12.9336,8260,0.000115024,0.200,reports/benchmark/v4_b16_n1024_t0_p0.1_daily.csv,,mode=v4 batch_size=16 n=1024 total=16384 threshold=0 keep_prob=0.100 total_count=8260 avg_ms=0.008893 logical_gbps=12.934 csv=reports/benchmark/v4_b16_n1024_t0_p0.1_daily.csv,
PASS,v5,16,1024,0.1,0,0.00883392,13.0207,8260,0.000115024,0.202,reports/benchmark/v5_b16_n1024_t0_p0.1_daily.csv,,mode=v5 batch_size=16 n=1024 total=16384 threshold=0 keep_prob=0.100 total_count=8260 avg_ms=0.008834 logical_gbps=13.021 csv=reports/benchmark/v5_b16_n1024_t0_p0.1_daily.csv,
PASS,library_cub_device_select,16,1024,0.5,0,0.0983565,1.16946,8260,0.000115024,0.201,reports/benchmark/library_cub_device_select_b16_n1024_t0_p0.5_daily.csv,,mode=library_cub_device_select batch_size=16 n=1024 total=16384 threshold=0 keep_prob=0.500 total_count=8260 avg_ms=0.098356 logical_gbps=1.169 csv=reports/benchmark/library_cub_device_select_b16_n1024_t0_p0.5_daily.csv,
PASS,v2,16,1024,0.5,0,0.0088544,12.9906,8260,0.000115024,0.202,reports/benchmark/v2_b16_n1024_t0_p0.5_daily.csv,,mode=v2 batch_size=16 n=1024 total=16384 threshold=0 keep_prob=0.500 total_count=8260 avg_ms=0.008854 logical_gbps=12.991 csv=reports/benchmark/v2_b16_n1024_t0_p0.5_daily.csv,
PASS,v3,16,1024,0.5,0,0.00885152,12.9948,8260,0.000115024,0.196,reports/benchmark/v3_b16_n1024_t0_p0.5_daily.csv,,mode=v3 batch_size=16 n=1024 total=16384 threshold=0 keep_prob=0.500 total_count=8260 avg_ms=0.008852 logical_gbps=12.995 csv=reports/benchmark/v3_b16_n1024_t0_p0.5_daily.csv,
PASS,v4,16,1024,0.5,0,0.00886176,12.9798,8260,0.000115024,0.200,reports/benchmark/v4_b16_n1024_t0_p0.5_daily.csv,,mode=v4 batch_size=16 n=1024 total=16384 threshold=0 keep_prob=0.500 total_count=8260 avg_ms=0.008862 logical_gbps=12.980 csv=reports/benchmark/v4_b16_n1024_t0_p0.5_daily.csv,
PASS,v5,16,1024,0.5,0,0.00884384,13.0061,8260,0.000115024,0.200,reports/benchmark/v5_b16_n1024_t0_p0.5_daily.csv,,mode=v5 batch_size=16 n=1024 total=16384 threshold=0 keep_prob=0.500 total_count=8260 avg_ms=0.008844 logical_gbps=13.006 csv=reports/benchmark/v5_b16_n1024_t0_p0.5_daily.csv,
PASS,library_cub_device_select,16,1024,0.9,0,0.0983338,1.16973,8260,0.000115024,0.200,reports/benchmark/library_cub_device_select_b16_n1024_t0_p0.9_daily.csv,,mode=library_cub_device_select batch_size=16 n=1024 total=16384 threshold=0 keep_prob=0.900 total_count=8260 avg_ms=0.098334 logical_gbps=1.170 csv=reports/benchmark/library_cub_device_select_b16_n1024_t0_p0.9_daily.csv,
PASS,v2,16,1024,0.9,0,0.0088688,12.9695,8260,0.000115024,0.201,reports/benchmark/v2_b16_n1024_t0_p0.9_daily.csv,,mode=v2 batch_size=16 n=1024 total=16384 threshold=0 keep_prob=0.900 total_count=8260 avg_ms=0.008869 logical_gbps=12.970 csv=reports/benchmark/v2_b16_n1024_t0_p0.9_daily.csv,
PASS,v3,16,1024,0.9,0,0.00888576,12.9448,8260,0.000115024,0.199,reports/benchmark/v3_b16_n1024_t0_p0.9_daily.csv,,mode=v3 batch_size=16 n=1024 total=16384 threshold=0 keep_prob=0.900 total_count=8260 avg_ms=0.008886 logical_gbps=12.945 csv=reports/benchmark/v3_b16_n1024_t0_p0.9_daily.csv,
PASS,v4,16,1024,0.9,0,0.00884544,13.0038,8260,0.000115024,0.191,reports/benchmark/v4_b16_n1024_t0_p0.9_daily.csv,,mode=v4 batch_size=16 n=1024 total=16384 threshold=0 keep_prob=0.900 total_count=8260 avg_ms=0.008845 logical_gbps=13.004 csv=reports/benchmark/v4_b16_n1024_t0_p0.9_daily.csv,
PASS,v5,16,1024,0.9,0,0.00883296,13.0221,8260,0.000115024,0.191,reports/benchmark/v5_b16_n1024_t0_p0.9_daily.csv,,mode=v5 batch_size=16 n=1024 total=16384 threshold=0 keep_prob=0.900 total_count=8260 avg_ms=0.008833 logical_gbps=13.022 csv=reports/benchmark/v5_b16_n1024_t0_p0.9_daily.csv,
PASS,library_cub_device_select,16,1024,0.99,0,0.098345,1.1696,8260,0.000115024,0.195,reports/benchmark/library_cub_device_select_b16_n1024_t0_p0.99_daily.csv,,mode=library_cub_device_select batch_size=16 n=1024 total=16384 threshold=0 keep_prob=0.990 total_count=8260 avg_ms=0.098345 logical_gbps=1.170 csv=reports/benchmark/library_cub_device_select_b16_n1024_t0_p0.99_daily.csv,
PASS,v2,16,1024,0.99,0,0.00886304,12.9779,8260,0.000115024,0.205,reports/benchmark/v2_b16_n1024_t0_p0.99_daily.csv,,mode=v2 batch_size=16 n=1024 total=16384 threshold=0 keep_prob=0.990 total_count=8260 avg_ms=0.008863 logical_gbps=12.978 csv=reports/benchmark/v2_b16_n1024_t0_p0.99_daily.csv,
PASS,v3,16,1024,0.99,0,0.00887232,12.9644,8260,0.000115024,0.200,reports/benchmark/v3_b16_n1024_t0_p0.99_daily.csv,,mode=v3 batch_size=16 n=1024 total=16384 threshold=0 keep_prob=0.990 total_count=8260 avg_ms=0.008872 logical_gbps=12.964 csv=reports/benchmark/v3_b16_n1024_t0_p0.99_daily.csv,
PASS,v4,16,1024,0.99,0,0.00885472,12.9901,8260,0.000115024,0.200,reports/benchmark/v4_b16_n1024_t0_p0.99_daily.csv,,mode=v4 batch_size=16 n=1024 total=16384 threshold=0 keep_prob=0.990 total_count=8260 avg_ms=0.008855 logical_gbps=12.990 csv=reports/benchmark/v4_b16_n1024_t0_p0.99_daily.csv,
PASS,v5,16,1024,0.99,0,0.00883392,13.0207,8260,0.000115024,0.200,reports/benchmark/v5_b16_n1024_t0_p0.99_daily.csv,,mode=v5 batch_size=16 n=1024 total=16384 threshold=0 keep_prob=0.990 total_count=8260 avg_ms=0.008834 logical_gbps=13.021 csv=reports/benchmark/v5_b16_n1024_t0_p0.99_daily.csv,
PASS,library_cub_device_select,16,8192,0.01,0,0.098368,9.34345,65918,0.000919096,0.200,reports/benchmark/library_cub_device_select_b16_n8192_t0_p0.01_daily.csv,,mode=library_cub_device_select batch_size=16 n=8192 total=131072 threshold=0 keep_prob=0.010 total_count=65918 avg_ms=0.098368 logical_gbps=9.343 csv=reports/benchmark/library_cub_device_select_b16_n8192_t0_p0.01_daily.csv,
PASS,v2,16,8192,0.01,0,0.0127709,71.9681,65918,0.000919096,0.187,reports/benchmark/v2_b16_n8192_t0_p0.01_daily.csv,,mode=v2 batch_size=16 n=8192 total=131072 threshold=0 keep_prob=0.010 total_count=65918 avg_ms=0.012771 logical_gbps=71.968 csv=reports/benchmark/v2_b16_n8192_t0_p0.01_daily.csv,
PASS,v3,16,8192,0.01,0,0.00980992,93.6905,65918,0.000919096,0.191,reports/benchmark/v3_b16_n8192_t0_p0.01_daily.csv,,mode=v3 batch_size=16 n=8192 total=131072 threshold=0 keep_prob=0.010 total_count=65918 avg_ms=0.009810 logical_gbps=93.690 csv=reports/benchmark/v3_b16_n8192_t0_p0.01_daily.csv,
PASS,v4,16,8192,0.01,0,0.0105434,87.173,65918,0.000919096,0.200,reports/benchmark/v4_b16_n8192_t0_p0.01_daily.csv,,mode=v4 batch_size=16 n=8192 total=131072 threshold=0 keep_prob=0.010 total_count=65918 avg_ms=0.010543 logical_gbps=87.173 csv=reports/benchmark/v4_b16_n8192_t0_p0.01_daily.csv,
PASS,v5,16,8192,0.01,0,0.0120509,76.268,65918,0.000919096,0.200,reports/benchmark/v5_b16_n8192_t0_p0.01_daily.csv,,mode=v5 batch_size=16 n=8192 total=131072 threshold=0 keep_prob=0.010 total_count=65918 avg_ms=0.012051 logical_gbps=76.268 csv=reports/benchmark/v5_b16_n8192_t0_p0.01_daily.csv,
PASS,library_cub_device_select,16,8192,0.1,0,0.0984205,9.33846,65918,0.000919096,0.200,reports/benchmark/library_cub_device_select_b16_n8192_t0_p0.1_daily.csv,,mode=library_cub_device_select batch_size=16 n=8192 total=131072 threshold=0 keep_prob=0.100 total_count=65918 avg_ms=0.098420 logical_gbps=9.338 csv=reports/benchmark/library_cub_device_select_b16_n8192_t0_p0.1_daily.csv,
PASS,v2,16,8192,0.1,0,0.0127616,72.0204,65918,0.000919096,0.200,reports/benchmark/v2_b16_n8192_t0_p0.1_daily.csv,,mode=v2 batch_size=16 n=8192 total=131072 threshold=0 keep_prob=0.100 total_count=65918 avg_ms=0.012762 logical_gbps=72.020 csv=reports/benchmark/v2_b16_n8192_t0_p0.1_daily.csv,
PASS,v3,16,8192,0.1,0,0.00986848,93.1345,65918,0.000919096,0.202,reports/benchmark/v3_b16_n8192_t0_p0.1_daily.csv,,mode=v3 batch_size=16 n=8192 total=131072 threshold=0 keep_prob=0.100 total_count=65918 avg_ms=0.009868 logical_gbps=93.135 csv=reports/benchmark/v3_b16_n8192_t0_p0.1_daily.csv,
PASS,v4,16,8192,0.1,0,0.0104851,87.6572,65918,0.000919096,0.198,reports/benchmark/v4_b16_n8192_t0_p0.1_daily.csv,,mode=v4 batch_size=16 n=8192 total=131072 threshold=0 keep_prob=0.100 total_count=65918 avg_ms=0.010485 logical_gbps=87.657 csv=reports/benchmark/v4_b16_n8192_t0_p0.1_daily.csv,
PASS,v5,16,8192,0.1,0,0.0118099,77.8241,65918,0.000919096,0.200,reports/benchmark/v5_b16_n8192_t0_p0.1_daily.csv,,mode=v5 batch_size=16 n=8192 total=131072 threshold=0 keep_prob=0.100 total_count=65918 avg_ms=0.011810 logical_gbps=77.824 csv=reports/benchmark/v5_b16_n8192_t0_p0.1_daily.csv,
PASS,library_cub_device_select,16,8192,0.5,0,0.0983354,9.34655,65918,0.000919096,0.204,reports/benchmark/library_cub_device_select_b16_n8192_t0_p0.5_daily.csv,,mode=library_cub_device_select batch_size=16 n=8192 total=131072 threshold=0 keep_prob=0.500 total_count=65918 avg_ms=0.098335 logical_gbps=9.347 csv=reports/benchmark/library_cub_device_select_b16_n8192_t0_p0.5_daily.csv,
PASS,v2,16,8192,0.5,0,0.0127699,71.9735,65918,0.000919096,0.195,reports/benchmark/v2_b16_n8192_t0_p0.5_daily.csv,,mode=v2 batch_size=16 n=8192 total=131072 threshold=0 keep_prob=0.500 total_count=65918 avg_ms=0.012770 logical_gbps=71.974 csv=reports/benchmark/v2_b16_n8192_t0_p0.5_daily.csv,
PASS,v3,16,8192,0.5,0,0.00993408,92.5195,65918,0.000919096,0.200,reports/benchmark/v3_b16_n8192_t0_p0.5_daily.csv,,mode=v3 batch_size=16 n=8192 total=131072 threshold=0 keep_prob=0.500 total_count=65918 avg_ms=0.009934 logical_gbps=92.519 csv=reports/benchmark/v3_b16_n8192_t0_p0.5_daily.csv,
PASS,v4,16,8192,0.5,0,0.0104234,88.1766,65918,0.000919096,0.187,reports/benchmark/v4_b16_n8192_t0_p0.5_daily.csv,,mode=v4 batch_size=16 n=8192 total=131072 threshold=0 keep_prob=0.500 total_count=65918 avg_ms=0.010423 logical_gbps=88.177 csv=reports/benchmark/v4_b16_n8192_t0_p0.5_daily.csv,
PASS,v5,16,8192,0.5,0,0.0118499,77.5614,65918,0.000919096,0.193,reports/benchmark/v5_b16_n8192_t0_p0.5_daily.csv,,mode=v5 batch_size=16 n=8192 total=131072 threshold=0 keep_prob=0.500 total_count=65918 avg_ms=0.011850 logical_gbps=77.561 csv=reports/benchmark/v5_b16_n8192_t0_p0.5_daily.csv,
PASS,library_cub_device_select,16,8192,0.9,0,0.0982941,9.35047,65918,0.000919096,0.207,reports/benchmark/library_cub_device_select_b16_n8192_t0_p0.9_daily.csv,,mode=library_cub_device_select batch_size=16 n=8192 total=131072 threshold=0 keep_prob=0.900 total_count=65918 avg_ms=0.098294 logical_gbps=9.350 csv=reports/benchmark/library_cub_device_select_b16_n8192_t0_p0.9_daily.csv,
PASS,v2,16,8192,0.9,0,0.012776,71.9393,65918,0.000919096,0.193,reports/benchmark/v2_b16_n8192_t0_p0.9_daily.csv,,mode=v2 batch_size=16 n=8192 total=131072 threshold=0 keep_prob=0.900 total_count=65918 avg_ms=0.012776 logical_gbps=71.939 csv=reports/benchmark/v2_b16_n8192_t0_p0.9_daily.csv,
PASS,v3,16,8192,0.9,0,0.0098064,93.7241,65918,0.000919096,0.185,reports/benchmark/v3_b16_n8192_t0_p0.9_daily.csv,,mode=v3 batch_size=16 n=8192 total=131072 threshold=0 keep_prob=0.900 total_count=65918 avg_ms=0.009806 logical_gbps=93.724 csv=reports/benchmark/v3_b16_n8192_t0_p0.9_daily.csv,
PASS,v4,16,8192,0.9,0,0.0103398,88.8888,65918,0.000919096,0.194,reports/benchmark/v4_b16_n8192_t0_p0.9_daily.csv,,mode=v4 batch_size=16 n=8192 total=131072 threshold=0 keep_prob=0.900 total_count=65918 avg_ms=0.010340 logical_gbps=88.889 csv=reports/benchmark/v4_b16_n8192_t0_p0.9_daily.csv,
PASS,v5,16,8192,0.9,0,0.0118496,77.5635,65918,0.000919096,0.210,reports/benchmark/v5_b16_n8192_t0_p0.9_daily.csv,,mode=v5 batch_size=16 n=8192 total=131072 threshold=0 keep_prob=0.900 total_count=65918 avg_ms=0.011850 logical_gbps=77.563 csv=reports/benchmark/v5_b16_n8192_t0_p0.9_daily.csv,
PASS,library_cub_device_select,16,8192,0.99,0,0.098359,9.3443,65918,0.000919096,0.194,reports/benchmark/library_cub_device_select_b16_n8192_t0_p0.99_daily.csv,,mode=library_cub_device_select batch_size=16 n=8192 total=131072 threshold=0 keep_prob=0.990 total_count=65918 avg_ms=0.098359 logical_gbps=9.344 csv=reports/benchmark/library_cub_device_select_b16_n8192_t0_p0.99_daily.csv,
PASS,v2,16,8192,0.99,0,0.0127712,71.9663,65918,0.000919096,0.186,reports/benchmark/v2_b16_n8192_t0_p0.99_daily.csv,,mode=v2 batch_size=16 n=8192 total=131072 threshold=0 keep_prob=0.990 total_count=65918 avg_ms=0.012771 logical_gbps=71.966 csv=reports/benchmark/v2_b16_n8192_t0_p0.99_daily.csv,
PASS,v3,16,8192,0.99,0,0.00980576,93.7302,65918,0.000919096,0.196,reports/benchmark/v3_b16_n8192_t0_p0.99_daily.csv,,mode=v3 batch_size=16 n=8192 total=131072 threshold=0 keep_prob=0.990 total_count=65918 avg_ms=0.009806 logical_gbps=93.730 csv=reports/benchmark/v3_b16_n8192_t0_p0.99_daily.csv,
PASS,v4,16,8192,0.99,0,0.01028,89.4062,65918,0.000919096,0.194,reports/benchmark/v4_b16_n8192_t0_p0.99_daily.csv,,mode=v4 batch_size=16 n=8192 total=131072 threshold=0 keep_prob=0.990 total_count=65918 avg_ms=0.010280 logical_gbps=89.406 csv=reports/benchmark/v4_b16_n8192_t0_p0.99_daily.csv,
PASS,v5,16,8192,0.99,0,0.0118291,77.6977,65918,0.000919096,0.200,reports/benchmark/v5_b16_n8192_t0_p0.99_daily.csv,,mode=v5 batch_size=16 n=8192 total=131072 threshold=0 keep_prob=0.990 total_count=65918 avg_ms=0.011829 logical_gbps=77.698 csv=reports/benchmark/v5_b16_n8192_t0_p0.99_daily.csv,
PASS,library_cub_device_select,16,131072,0.01,0,0.0983542,149.613,1057310,0.0147151,0.225,reports/benchmark/library_cub_device_select_b16_n131072_t0_p0.01_daily.csv,,mode=library_cub_device_select batch_size=16 n=131072 total=2097152 threshold=0 keep_prob=0.010 total_count=1057310 avg_ms=0.098354 logical_gbps=149.613 csv=reports/benchmark/library_cub_device_select_b16_n131072_t0_p0.01_daily.csv,
PASS,v2,16,131072,0.01,0,0.0477712,308.032,1057310,0.0147151,0.217,reports/benchmark/v2_b16_n131072_t0_p0.01_daily.csv,,mode=v2 batch_size=16 n=131072 total=2097152 threshold=0 keep_prob=0.010 total_count=1057310 avg_ms=0.047771 logical_gbps=308.032 csv=reports/benchmark/v2_b16_n131072_t0_p0.01_daily.csv,
PASS,v3,16,131072,0.01,0,0.0252621,582.496,1057310,0.0147151,0.218,reports/benchmark/v3_b16_n131072_t0_p0.01_daily.csv,,mode=v3 batch_size=16 n=131072 total=2097152 threshold=0 keep_prob=0.010 total_count=1057310 avg_ms=0.025262 logical_gbps=582.496 csv=reports/benchmark/v3_b16_n131072_t0_p0.01_daily.csv,
PASS,v4,16,131072,0.01,0,0.0252275,583.294,1057310,0.0147151,0.209,reports/benchmark/v4_b16_n131072_t0_p0.01_daily.csv,,mode=v4 batch_size=16 n=131072 total=2097152 threshold=0 keep_prob=0.010 total_count=1057310 avg_ms=0.025228 logical_gbps=583.294 csv=reports/benchmark/v4_b16_n131072_t0_p0.01_daily.csv,
PASS,v5,16,131072,0.01,0,0.0232026,634.2,1057310,0.0147151,0.205,reports/benchmark/v5_b16_n131072_t0_p0.01_daily.csv,,mode=v5 batch_size=16 n=131072 total=2097152 threshold=0 keep_prob=0.010 total_count=1057310 avg_ms=0.023203 logical_gbps=634.200 csv=reports/benchmark/v5_b16_n131072_t0_p0.01_daily.csv,
PASS,library_cub_device_select,16,131072,0.1,0,0.098431,149.496,1057310,0.0147151,0.208,reports/benchmark/library_cub_device_select_b16_n131072_t0_p0.1_daily.csv,,mode=library_cub_device_select batch_size=16 n=131072 total=2097152 threshold=0 keep_prob=0.100 total_count=1057310 avg_ms=0.098431 logical_gbps=149.496 csv=reports/benchmark/library_cub_device_select_b16_n131072_t0_p0.1_daily.csv,
PASS,v2,16,131072,0.1,0,0.0477757,308.003,1057310,0.0147151,0.218,reports/benchmark/v2_b16_n131072_t0_p0.1_daily.csv,,mode=v2 batch_size=16 n=131072 total=2097152 threshold=0 keep_prob=0.100 total_count=1057310 avg_ms=0.047776 logical_gbps=308.003 csv=reports/benchmark/v2_b16_n131072_t0_p0.1_daily.csv,
PASS,v3,16,131072,0.1,0,0.0252394,583.02,1057310,0.0147151,0.210,reports/benchmark/v3_b16_n131072_t0_p0.1_daily.csv,,mode=v3 batch_size=16 n=131072 total=2097152 threshold=0 keep_prob=0.100 total_count=1057310 avg_ms=0.025239 logical_gbps=583.020 csv=reports/benchmark/v3_b16_n131072_t0_p0.1_daily.csv,
PASS,v4,16,131072,0.1,0,0.0252288,583.265,1057310,0.0147151,0.208,reports/benchmark/v4_b16_n131072_t0_p0.1_daily.csv,,mode=v4 batch_size=16 n=131072 total=2097152 threshold=0 keep_prob=0.100 total_count=1057310 avg_ms=0.025229 logical_gbps=583.265 csv=reports/benchmark/v4_b16_n131072_t0_p0.1_daily.csv,
PASS,v5,16,131072,0.1,0,0.0232128,633.92,1057310,0.0147151,0.202,reports/benchmark/v5_b16_n131072_t0_p0.1_daily.csv,,mode=v5 batch_size=16 n=131072 total=2097152 threshold=0 keep_prob=0.100 total_count=1057310 avg_ms=0.023213 logical_gbps=633.920 csv=reports/benchmark/v5_b16_n131072_t0_p0.1_daily.csv,
PASS,library_cub_device_select,16,131072,0.5,0,0.0984762,149.428,1057310,0.0147151,0.210,reports/benchmark/library_cub_device_select_b16_n131072_t0_p0.5_daily.csv,,mode=library_cub_device_select batch_size=16 n=131072 total=2097152 threshold=0 keep_prob=0.500 total_count=1057310 avg_ms=0.098476 logical_gbps=149.428 csv=reports/benchmark/library_cub_device_select_b16_n131072_t0_p0.5_daily.csv,
PASS,v2,16,131072,0.5,0,0.0477894,307.915,1057310,0.0147151,0.210,reports/benchmark/v2_b16_n131072_t0_p0.5_daily.csv,,mode=v2 batch_size=16 n=131072 total=2097152 threshold=0 keep_prob=0.500 total_count=1057310 avg_ms=0.047789 logical_gbps=307.915 csv=reports/benchmark/v2_b16_n131072_t0_p0.5_daily.csv,
PASS,v3,16,131072,0.5,0,0.0252186,583.501,1057310,0.0147151,0.220,reports/benchmark/v3_b16_n131072_t0_p0.5_daily.csv,,mode=v3 batch_size=16 n=131072 total=2097152 threshold=0 keep_prob=0.500 total_count=1057310 avg_ms=0.025219 logical_gbps=583.501 csv=reports/benchmark/v3_b16_n131072_t0_p0.5_daily.csv,
PASS,v4,16,131072,0.5,0,0.025247,582.843,1057310,0.0147151,0.224,reports/benchmark/v4_b16_n131072_t0_p0.5_daily.csv,,mode=v4 batch_size=16 n=131072 total=2097152 threshold=0 keep_prob=0.500 total_count=1057310 avg_ms=0.025247 logical_gbps=582.843 csv=reports/benchmark/v4_b16_n131072_t0_p0.5_daily.csv,
PASS,v5,16,131072,0.5,0,0.0231949,634.41,1057310,0.0147151,0.209,reports/benchmark/v5_b16_n131072_t0_p0.5_daily.csv,,mode=v5 batch_size=16 n=131072 total=2097152 threshold=0 keep_prob=0.500 total_count=1057310 avg_ms=0.023195 logical_gbps=634.410 csv=reports/benchmark/v5_b16_n131072_t0_p0.5_daily.csv,
PASS,library_cub_device_select,16,131072,0.9,0,0.0983715,149.587,1057310,0.0147151,0.227,reports/benchmark/library_cub_device_select_b16_n131072_t0_p0.9_daily.csv,,mode=library_cub_device_select batch_size=16 n=131072 total=2097152 threshold=0 keep_prob=0.900 total_count=1057310 avg_ms=0.098372 logical_gbps=149.587 csv=reports/benchmark/library_cub_device_select_b16_n131072_t0_p0.9_daily.csv,
PASS,v2,16,131072,0.9,0,0.0477869,307.931,1057310,0.0147151,0.220,reports/benchmark/v2_b16_n131072_t0_p0.9_daily.csv,,mode=v2 batch_size=16 n=131072 total=2097152 threshold=0 keep_prob=0.900 total_count=1057310 avg_ms=0.047787 logical_gbps=307.931 csv=reports/benchmark/v2_b16_n131072_t0_p0.9_daily.csv,
PASS,v3,16,131072,0.9,0,0.0252566,582.622,1057310,0.0147151,0.209,reports/benchmark/v3_b16_n131072_t0_p0.9_daily.csv,,mode=v3 batch_size=16 n=131072 total=2097152 threshold=0 keep_prob=0.900 total_count=1057310 avg_ms=0.025257 logical_gbps=582.622 csv=reports/benchmark/v3_b16_n131072_t0_p0.9_daily.csv,
PASS,v4,16,131072,0.9,0,0.0252365,583.087,1057310,0.0147151,0.211,reports/benchmark/v4_b16_n131072_t0_p0.9_daily.csv,,mode=v4 batch_size=16 n=131072 total=2097152 threshold=0 keep_prob=0.900 total_count=1057310 avg_ms=0.025236 logical_gbps=583.087 csv=reports/benchmark/v4_b16_n131072_t0_p0.9_daily.csv,
PASS,v5,16,131072,0.9,0,0.0231885,634.585,1057310,0.0147151,0.221,reports/benchmark/v5_b16_n131072_t0_p0.9_daily.csv,,mode=v5 batch_size=16 n=131072 total=2097152 threshold=0 keep_prob=0.900 total_count=1057310 avg_ms=0.023188 logical_gbps=634.585 csv=reports/benchmark/v5_b16_n131072_t0_p0.9_daily.csv,
PASS,library_cub_device_select,16,131072,0.99,0,0.0983917,149.556,1057310,0.0147151,0.206,reports/benchmark/library_cub_device_select_b16_n131072_t0_p0.99_daily.csv,,mode=library_cub_device_select batch_size=16 n=131072 total=2097152 threshold=0 keep_prob=0.990 total_count=1057310 avg_ms=0.098392 logical_gbps=149.556 csv=reports/benchmark/library_cub_device_select_b16_n131072_t0_p0.99_daily.csv,
PASS,v2,16,131072,0.99,0,0.0477341,308.272,1057310,0.0147151,0.218,reports/benchmark/v2_b16_n131072_t0_p0.99_daily.csv,,mode=v2 batch_size=16 n=131072 total=2097152 threshold=0 keep_prob=0.990 total_count=1057310 avg_ms=0.047734 logical_gbps=308.272 csv=reports/benchmark/v2_b16_n131072_t0_p0.99_daily.csv,
PASS,v3,16,131072,0.99,0,0.0252442,582.91,1057310,0.0147151,0.204,reports/benchmark/v3_b16_n131072_t0_p0.99_daily.csv,,mode=v3 batch_size=16 n=131072 total=2097152 threshold=0 keep_prob=0.990 total_count=1057310 avg_ms=0.025244 logical_gbps=582.910 csv=reports/benchmark/v3_b16_n131072_t0_p0.99_daily.csv,
PASS,v4,16,131072,0.99,0,0.0252339,583.146,1057310,0.0147151,0.210,reports/benchmark/v4_b16_n131072_t0_p0.99_daily.csv,,mode=v4 batch_size=16 n=131072 total=2097152 threshold=0 keep_prob=0.990 total_count=1057310 avg_ms=0.025234 logical_gbps=583.146 csv=reports/benchmark/v4_b16_n131072_t0_p0.99_daily.csv,
PASS,v5,16,131072,0.99,0,0.0232035,634.174,1057310,0.0147151,0.205,reports/benchmark/v5_b16_n131072_t0_p0.99_daily.csv,,mode=v5 batch_size=16 n=131072 total=2097152 threshold=0 keep_prob=0.990 total_count=1057310 avg_ms=0.023204 logical_gbps=634.174 csv=reports/benchmark/v5_b16_n131072_t0_p0.99_daily.csv,
PASS,library_cub_device_select,16,1048576,0.01,0,0.229566,512.701,8453139,0.117699,0.335,reports/benchmark/library_cub_device_select_b16_n1048576_t0_p0.01_daily.csv,,mode=library_cub_device_select batch_size=16 n=1048576 total=16777216 threshold=0 keep_prob=0.010 total_count=8453139 avg_ms=0.229566 logical_gbps=512.701 csv=reports/benchmark/library_cub_device_select_b16_n1048576_t0_p0.01_daily.csv,
PASS,v2,16,1048576,0.01,0,0.426275,276.11,8453139,0.117699,0.360,reports/benchmark/v2_b16_n1048576_t0_p0.01_daily.csv,,mode=v2 batch_size=16 n=1048576 total=16777216 threshold=0 keep_prob=0.010 total_count=8453139 avg_ms=0.426275 logical_gbps=276.110 csv=reports/benchmark/v2_b16_n1048576_t0_p0.01_daily.csv,
PASS,v3,16,1048576,0.01,0,0.272552,431.84,8453139,0.117699,0.349,reports/benchmark/v3_b16_n1048576_t0_p0.01_daily.csv,,mode=v3 batch_size=16 n=1048576 total=16777216 threshold=0 keep_prob=0.010 total_count=8453139 avg_ms=0.272552 logical_gbps=431.840 csv=reports/benchmark/v3_b16_n1048576_t0_p0.01_daily.csv,
PASS,v4,16,1048576,0.01,0,0.271619,433.322,8453139,0.117699,0.352,reports/benchmark/v4_b16_n1048576_t0_p0.01_daily.csv,,mode=v4 batch_size=16 n=1048576 total=16777216 threshold=0 keep_prob=0.010 total_count=8453139 avg_ms=0.271619 logical_gbps=433.322 csv=reports/benchmark/v4_b16_n1048576_t0_p0.01_daily.csv,
PASS,v5,16,1048576,0.01,0,0.276451,425.748,8453139,0.117699,0.346,reports/benchmark/v5_b16_n1048576_t0_p0.01_daily.csv,,mode=v5 batch_size=16 n=1048576 total=16777216 threshold=0 keep_prob=0.010 total_count=8453139 avg_ms=0.276451 logical_gbps=425.748 csv=reports/benchmark/v5_b16_n1048576_t0_p0.01_daily.csv,
PASS,library_cub_device_select,16,1048576,0.1,0,0.229688,512.429,8453139,0.117699,0.352,reports/benchmark/library_cub_device_select_b16_n1048576_t0_p0.1_daily.csv,,mode=library_cub_device_select batch_size=16 n=1048576 total=16777216 threshold=0 keep_prob=0.100 total_count=8453139 avg_ms=0.229688 logical_gbps=512.429 csv=reports/benchmark/library_cub_device_select_b16_n1048576_t0_p0.1_daily.csv,
PASS,v2,16,1048576,0.1,0,0.426978,275.655,8453139,0.117699,0.368,reports/benchmark/v2_b16_n1048576_t0_p0.1_daily.csv,,mode=v2 batch_size=16 n=1048576 total=16777216 threshold=0 keep_prob=0.100 total_count=8453139 avg_ms=0.426978 logical_gbps=275.655 csv=reports/benchmark/v2_b16_n1048576_t0_p0.1_daily.csv,
PASS,v3,16,1048576,0.1,0,0.272252,432.315,8453139,0.117699,0.352,reports/benchmark/v3_b16_n1048576_t0_p0.1_daily.csv,,mode=v3 batch_size=16 n=1048576 total=16777216 threshold=0 keep_prob=0.100 total_count=8453139 avg_ms=0.272252 logical_gbps=432.315 csv=reports/benchmark/v3_b16_n1048576_t0_p0.1_daily.csv,
PASS,v4,16,1048576,0.1,0,0.272284,432.265,8453139,0.117699,0.345,reports/benchmark/v4_b16_n1048576_t0_p0.1_daily.csv,,mode=v4 batch_size=16 n=1048576 total=16777216 threshold=0 keep_prob=0.100 total_count=8453139 avg_ms=0.272284 logical_gbps=432.265 csv=reports/benchmark/v4_b16_n1048576_t0_p0.1_daily.csv,
PASS,v5,16,1048576,0.1,0,0.276836,425.157,8453139,0.117699,0.345,reports/benchmark/v5_b16_n1048576_t0_p0.1_daily.csv,,mode=v5 batch_size=16 n=1048576 total=16777216 threshold=0 keep_prob=0.100 total_count=8453139 avg_ms=0.276836 logical_gbps=425.157 csv=reports/benchmark/v5_b16_n1048576_t0_p0.1_daily.csv,
PASS,library_cub_device_select,16,1048576,0.5,0,0.229627,512.566,8453139,0.117699,0.352,reports/benchmark/library_cub_device_select_b16_n1048576_t0_p0.5_daily.csv,,mode=library_cub_device_select batch_size=16 n=1048576 total=16777216 threshold=0 keep_prob=0.500 total_count=8453139 avg_ms=0.229627 logical_gbps=512.566 csv=reports/benchmark/library_cub_device_select_b16_n1048576_t0_p0.5_daily.csv,
PASS,v2,16,1048576,0.5,0,0.42677,275.79,8453139,0.117699,0.364,reports/benchmark/v2_b16_n1048576_t0_p0.5_daily.csv,,mode=v2 batch_size=16 n=1048576 total=16777216 threshold=0 keep_prob=0.500 total_count=8453139 avg_ms=0.426770 logical_gbps=275.790 csv=reports/benchmark/v2_b16_n1048576_t0_p0.5_daily.csv,
PASS,v3,16,1048576,0.5,0,0.272459,431.986,8453139,0.117699,0.353,reports/benchmark/v3_b16_n1048576_t0_p0.5_daily.csv,,mode=v3 batch_size=16 n=1048576 total=16777216 threshold=0 keep_prob=0.500 total_count=8453139 avg_ms=0.272459 logical_gbps=431.986 csv=reports/benchmark/v3_b16_n1048576_t0_p0.5_daily.csv,
PASS,v4,16,1048576,0.5,0,0.27194,432.811,8453139,0.117699,0.340,reports/benchmark/v4_b16_n1048576_t0_p0.5_daily.csv,,mode=v4 batch_size=16 n=1048576 total=16777216 threshold=0 keep_prob=0.500 total_count=8453139 avg_ms=0.271940 logical_gbps=432.811 csv=reports/benchmark/v4_b16_n1048576_t0_p0.5_daily.csv,
PASS,v5,16,1048576,0.5,0,0.276495,425.681,8453139,0.117699,0.342,reports/benchmark/v5_b16_n1048576_t0_p0.5_daily.csv,,mode=v5 batch_size=16 n=1048576 total=16777216 threshold=0 keep_prob=0.500 total_count=8453139 avg_ms=0.276495 logical_gbps=425.681 csv=reports/benchmark/v5_b16_n1048576_t0_p0.5_daily.csv,
PASS,library_cub_device_select,16,1048576,0.9,0,0.229583,512.663,8453139,0.117699,0.358,reports/benchmark/library_cub_device_select_b16_n1048576_t0_p0.9_daily.csv,,mode=library_cub_device_select batch_size=16 n=1048576 total=16777216 threshold=0 keep_prob=0.900 total_count=8453139 avg_ms=0.229583 logical_gbps=512.663 csv=reports/benchmark/library_cub_device_select_b16_n1048576_t0_p0.9_daily.csv,
PASS,v2,16,1048576,0.9,0,0.427182,275.523,8453139,0.117699,0.366,reports/benchmark/v2_b16_n1048576_t0_p0.9_daily.csv,,mode=v2 batch_size=16 n=1048576 total=16777216 threshold=0 keep_prob=0.900 total_count=8453139 avg_ms=0.427182 logical_gbps=275.523 csv=reports/benchmark/v2_b16_n1048576_t0_p0.9_daily.csv,
PASS,v3,16,1048576,0.9,0,0.272558,431.83,8453139,0.117699,0.354,reports/benchmark/v3_b16_n1048576_t0_p0.9_daily.csv,,mode=v3 batch_size=16 n=1048576 total=16777216 threshold=0 keep_prob=0.900 total_count=8453139 avg_ms=0.272558 logical_gbps=431.830 csv=reports/benchmark/v3_b16_n1048576_t0_p0.9_daily.csv,
PASS,v4,16,1048576,0.9,0,0.27212,432.526,8453139,0.117699,0.346,reports/benchmark/v4_b16_n1048576_t0_p0.9_daily.csv,,mode=v4 batch_size=16 n=1048576 total=16777216 threshold=0 keep_prob=0.900 total_count=8453139 avg_ms=0.272120 logical_gbps=432.526 csv=reports/benchmark/v4_b16_n1048576_t0_p0.9_daily.csv,
PASS,v5,16,1048576,0.9,0,0.276405,425.82,8453139,0.117699,0.355,reports/benchmark/v5_b16_n1048576_t0_p0.9_daily.csv,,mode=v5 batch_size=16 n=1048576 total=16777216 threshold=0 keep_prob=0.900 total_count=8453139 avg_ms=0.276405 logical_gbps=425.820 csv=reports/benchmark/v5_b16_n1048576_t0_p0.9_daily.csv,
PASS,library_cub_device_select,16,1048576,0.99,0,0.229684,512.439,8453139,0.117699,0.344,reports/benchmark/library_cub_device_select_b16_n1048576_t0_p0.99_daily.csv,,mode=library_cub_device_select batch_size=16 n=1048576 total=16777216 threshold=0 keep_prob=0.990 total_count=8453139 avg_ms=0.229684 logical_gbps=512.439 csv=reports/benchmark/library_cub_device_select_b16_n1048576_t0_p0.99_daily.csv,
PASS,v2,16,1048576,0.99,0,0.426847,275.74,8453139,0.117699,0.361,reports/benchmark/v2_b16_n1048576_t0_p0.99_daily.csv,,mode=v2 batch_size=16 n=1048576 total=16777216 threshold=0 keep_prob=0.990 total_count=8453139 avg_ms=0.426847 logical_gbps=275.740 csv=reports/benchmark/v2_b16_n1048576_t0_p0.99_daily.csv,
PASS,v3,16,1048576,0.99,0,0.27223,432.35,8453139,0.117699,0.354,reports/benchmark/v3_b16_n1048576_t0_p0.99_daily.csv,,mode=v3 batch_size=16 n=1048576 total=16777216 threshold=0 keep_prob=0.990 total_count=8453139 avg_ms=0.272230 logical_gbps=432.350 csv=reports/benchmark/v3_b16_n1048576_t0_p0.99_daily.csv,
PASS,v4,16,1048576,0.99,0,0.272062,432.618,8453139,0.117699,0.363,reports/benchmark/v4_b16_n1048576_t0_p0.99_daily.csv,,mode=v4 batch_size=16 n=1048576 total=16777216 threshold=0 keep_prob=0.990 total_count=8453139 avg_ms=0.272062 logical_gbps=432.618 csv=reports/benchmark/v4_b16_n1048576_t0_p0.99_daily.csv,
PASS,v5,16,1048576,0.99,0,0.276495,425.682,8453139,0.117699,0.357,reports/benchmark/v5_b16_n1048576_t0_p0.99_daily.csv,,mode=v5 batch_size=16 n=1048576 total=16777216 threshold=0 keep_prob=0.990 total_count=8453139 avg_ms=0.276495 logical_gbps=425.682 csv=reports/benchmark/v5_b16_n1048576_t0_p0.99_daily.csv,
